name,price,brand,weight in grams,bearing size,response,material,designed in,made in,machined in,released,description,diameter mm,diameter in,width mm,width in,gap width mm,gap width in,bearing type,material group
Roppo,33.0,Shuriken,65.3,Size C (.250 x .500 x .187),"""Slim Pad"" Size 19mm OD",6061 Aluminum,Hong Kong,,,2023-06-01,Stable and Powerful V-Shaped YoYo!,56.8,2.24,46.8,1.84,4.5,0.18,Size C,Aluminum
Da Vinci,100.0,yoyofriends,62.6,Size C (.250 x .500 x .187),"""Slim Pad"" Size 19mm OD",7068 Aluminum w/ Stainless Steel Rings,China,China,,2023-06-01,Tomoki Toyama Signature YoYo!,55.89,2.2,44.64,1.76,4.5,0.18,Size C,Aluminum Bi-Metal
Brass Exia,70.0,MK1 YoYos,66.3,Size C (.250 x .500 x .187),"""Slim Pad"" Size 19mm OD",7068 Aluminum w/ Brass Rings,USA,China,,2023-07-01,Inner Ring Bi-Metal YoYo!,55.6,2.19,47.3,1.86,4.5,0.18,Size C,Aluminum Bi-Metal
Titanium Koi,279.99,yoyofriends,65.0,Size C (.250 x .500 x .187),"""Slim Pad"" Size 19mm OD",Titanium,China,China,,2023-06-01,Titanium Organic Shaped YoYo!,56.04,2.21,43.52,1.71,4.45,0.18,Size C,Titanium
Titanium Koi XL,379.99,yoyofriends,63.0,NSK,"""Slim Pad"" Size 19mm OD",Titanium,China,China,,2023-06-01,Oversized Organic Titanium YoYo!,63.11,2.48,48.11,1.89,4.39,0.17,Other,Titanium
Stainless Steel Koi,149.99,yoyofriends,64.65,Size D,"""Slim Pad"" Size 19mm OD",Stainless Steel,China,China,,2023-06-01,Stainless Steel Organic Shaped YoYo!,52.0,2.05,42.84,1.69,4.47,0.18,Size D,Stainless Steel
Full Metal Damascus,625.0,ENSO,64.1,Size C (.250 x .500 x .187),"""Slim Pad"" Size 19mm OD",Titanium w/ EngravedDamascus Steel Rims,USA,China,,2023-07-01,High Performance Titanium x Damascus Steel Rim YoYo!,56.79,2.24,43.48,1.71,4.69,0.18,Size C,Titanium Bi-Metal
The Populist,120.0,Doctor Popular,65.0,Size C,19mm,7075 aluminum + Brass or Stainless Steel,,,,2023-01-01,Powerful 7075 Bi-Metal YoYo!,54.16,2.13,46.01,1.81,4.51,0.18,Size C,Aluminum Bi-Metal
Klondike,,Caribou Lodge,65.0,Size C (.250 x .500 x .187),Snow Tires,6061 Aluminum w/ Stainless Steel Rings,Canada,,,2023-07-01,Japanese focused competition design!,55.6,0.0,45.1,0.0,4.45,0.175,Size C,Aluminum Bi-Metal
Bullseye,34.99,YoYoFactory,66.3,Size C (.250 x .500 x .187),"""Slim Pad"" Size 19mm OD",6061 Aluminum,USA,China,,2023-07-01,Hit the Bullseye,56.5,2.22,43.5,1.71,,,Size C,Aluminum
Plastic Peak - CLYW × LFVK,39.99,Luftverk,66.0,Size C (.250 x .500 x .187),Snow Tire Response,Injection Molded Polycarbonate & Machined,Canada,China,,2023-07-01,another chapter of the legendary Peak,59.0,2.32,47.6,1.85,4.5,0.18,Size C,Polycarbonate
Minitee,79.99,Caribou Lodge,66.02,Size C (.250 x .500 x .187),CLYW Snow Tires,,Canada,,China,,Signature Series of the AMAZING Riccardo Fraolini,43.98,1.73,50.13,1.97,4.15,0.16,Size C,
Unicorn,69.99,MK1 YoYos,,Size C (.250 x .500 x .187),"""Slim Pad"" Size 19mm OD",7075 Aluminum w/ Stainless Steel Ring,USA,China,,2023-08-01,Cap-Compatible Bi-metal!,55.0,2.17,66.1,2.6,4.45,0.18,Size C,Aluminum Bi-Metal
ROCKstar,44.99,YoYoFactory,66.9,Size C (.250 x .500 x .187),"CBC ""Slim Pad"" Size 19mm OD",6061 Aluminum,USA,China,,2023-08-01,JDS x YoYoFactory YoYo!,55.97,2.2,44.15,1.74,,,Size C,Aluminum
Abyss,44.99,YoYoFactory,66.9,Size C (.250 x .500 x .187),"CBC ""Slim Pad"" Size 19mm OD",6061 Aluminum,USA,China,,2023-08-01,Kento Noda Signature YoYo!,55.97,2.2,44.15,1.74,4.5,0.18,Size C,Aluminum
Path,49.99,MK1 YoYos,64.9,Size C (.250 x .500 x .187),"""Slim Pad"" Size 19mm OD",7075 Aluminum,USA,,,2023-08-01,Jack Hudspath Signature Yoyo Design,54.1,2.13,49.3,1.94,,,Size C,Aluminum
DEMA,55.0,Polyform,65.5,Size C (.250 x .500 x .187),PF20.6 Pad,6061 Aluminum,,,,2023-04-01,Jacky Le Signature YoYo!,55.0,2.17,46.0,1.85,4.45,0.18,Size C,Aluminum
Paragraph,29.99,yoyofriends,65.6,Size C (.250 x .500 x .187),"""Slim Pad"" Size 19mm OD",6061 Aluminum,China,China,,2023-08-01,Malte Voss Signature YoYo!,55.34,2.18,45.0,1.77,4.44,0.17,Size C,Aluminum
Cephas,95.0,Atmos Project,65.2,Size C (.250 x .500 x .187),Stratos Pads,Aluminum 6061,,,,2023-01-01,Flat Cap Organic Shaped Yoyo!,54.3,2.14,48.4,1.91,4.7,0.19,Size C,Aluminum
Dopamine,59.99,Hollywood Modern Yoyos,65.8,Size C (.250 x .500 x .187),"""Hollywood Pads"" Size 19mm OD",7075 Aluminum,,,,2023-01-01,Ross Levine Signature YoYo!,55.7,2.19,42.7,1.68,4.2,0.17,Size C,Aluminum
Scintillator,39.99,C3yoyodesign,65.0,Size C (.250 x .500 x .187),C3 JP Pads  19mm Slim Pad Size,,,,,,Simpson Wong Wai Sheuk Signature YoYo!,,,,,,,Size C,
W!ld,119.0,W1LD,65.0,Size C (.250 x .500 x .187),"""Slim Pad"" Size 19mm OD",Aluminum w/ Stainless Steel Rings,,,,2023-01-01,Yang Chen Signature YoYo!,,,,,,,Size C,Aluminum Bi-Metal
Hideyoshi,144.99,Sengoku,,,,,,,,,Innovative Tri-Metal Design!,,,,,,,,
Empath,64.99,Empathy,66.0,Size C (.250 x .500 x .187),"""Slim Pad"" Size 19mm OD",6061 Aluminum,,,,2023-01-01,Empathy's First Monometal YoYo!,,,,,,,Size C,Aluminum
World-Class,60.0,Duncan,61.2,Size A,Duncan Small Pad,6061 Aluminum,,,,2023-01-01,Modern Classic H-Shaped YoYo!,,,,,,,Size A,Aluminum
Freehand 2 AL,65.0,Duncan,66.7,Size C (.250 x .500 x .187),"""Slim Pad"" Size 19mm OD",6061 Aluminum,,,,2023-01-01,An homage to the Freehand 2!,,,,,,,Size C,Aluminum
Freehand Mini,60.0,Duncan,62.4,Small or Large,Small Pad or Slim 19mm,6061 Aluminum,,,,2023-01-01,Miniature Freehand!,,,,,,,Other,Aluminum
Freehand Delrin,54.99,Duncan,66.1,Size C,Slim 19mm Pads,Machined Delrin,,,,2023-01-01,Experience the Freehand in Delrin!!,,,,,,,Size C,Delrin
Freehand PC - (Polycarb Machined),54.99,Duncan,66.1,Size C,Slim 19mm Pads,Machined Polycarbonate,,,,2023-01-01,Experience the Freehand in Polycarbonate!!,,,,,,,Size C,Polycarbonate
Cenote,74.99,Turner Return Tops,63.2,Size C (.250 x .500 x .187),Type 50 Landing Pads,6061 Aluminum,,,,2023-01-01,Fun Slim YoYo!,,,,,,,Size C,Aluminum
KIM 23,59.99,YoYoFactory,66.0,Size C (.250 x .500 x .187),"""Slim Pad"" Size 19mm OD",6061 Aluminum w/ Polycarbonate Shell,USA,,,2023-09-01,The Miracle Reborn at an Affordable Price!,,,,,,,Size C,Aluminum
AoE,17.99,yoyofriends,66.9,Size C (.250 x .500 x .187),"""Slim Pad"" Size 19mm OD",Polycarbonate,China,,,,Beginner to Advanced Finger Spin YoYo!,,,,,,,Size C,Polycarbonate
Still Rollin,65.99,One Drop YoYos,62.9,Size C (.250 x .500 x .187),One Drop Standard Flow Groove Pads,6061 Aluminum,USA,,,2023-09-01,Talia Jamison Signature YoYo!,,,,,,,Size C,Aluminum
Fat Tire 20/20,66.0,One Drop YoYos,67.4,Size C (.250 x .500 x .187),One Drop Standard Flow Groove Pad,6061 Aluminum,USA,,,2023-01-01,One Drop Friend Chris Greiner Collaboration YoYo!,,,,,,,Size C,Aluminum
Acanthus S,189.99,Turning Point,66.5,Size C (.250 x .500 x .187),"""Slim Pad"" Size 19mm OD",6061 Aluminum,Japan,,,2023-01-01,Takeshi Matsuura Signature YoYo!,,,,,,,Size C,Aluminum
Krown .wst,134.99,C3yoyodesign,63.7,Size C (.250 x .500 x .187),"""Slim Pad"" Size 19mm OD",6061 Aluminum w/ Stainless Steel Rings,Hong Kong,,,2023-01-01,Shinya Kido Signature Yoyo!,,,,,,,Size C,Aluminum Bi-Metal
Project 2,120.0,Markmont,64.65,Size C (.250 x .500 x .187),One Drop Standard Flow Groove Pad,6061 Aluminum,USA,,,,Scaled up MarkMont Project Yoyo!,,,,,,,Size C,Aluminum
2023 Champions Collection,24.99,YoYoFactory,,,,,,,,,Throwback To The Yo-Yos That Won Previous World YoYo Contests!,,,,,,,,
Veylaa,120.0,Duncan,65.7,Size C,19mm Slim Pad,6061 Aluminum,USA,,,2023-01-01,Garbkamol Limangkul “Polo” Signature YoYo!,,,,,,,Size C,Aluminum
Northstar,24.99,YoYoFactory,71.35,Center Trac Large,19mm Slim Pad,,,,,2023-01-01,YoYo Used to Win the 2010 World YoYo Contest!,,,,,,,Other,
Superstar,59.99,YoYoFactory,66.22,Center Trac Large,19mm Slim Pad,6061 Aluminum,,,,2023-01-01,YoYo Used to Win the 2008 World YoYo Contest!,,,,,,,Other,Aluminum
888,59.99,YoYoFactory,66.3,Center Trac Large,19mm Slim Pad,6061 Aluminum,,,,2023-01-01,YoYo Used to Win the 2007 World YoYo Contest!,,,,,,,Other,Aluminum
Southside,130.0,Empathy,65.1,Size C (.250 x .500 x .187),"""Slim Pad"" Size 19mm OD",6061 Aluminum w/ Stainless Steel Rings,Czech Republic,,,2023-10-01,Maty Držmíšek Signature YoYo!,,,,,,,Size C,Aluminum Bi-Metal
Diorama,70.99,One Drop YoYos,62.8,Size C (.250 x .500 x .187),Standard One Drop Flow Groove Pad,7075 Aluminum,USA,,,2023-10-01,Tsukasa Takatsu Signature YoYo!,,,,,,,Size C,Aluminum
Physix,140.0,Empathy,65.1,Size C (.250 x .500 x .187),"""Slim Pad"" Size 19mm OD",Aluminum w/ Stainless Steel Ring,Czech Republic,,,2023-10-01,Kim Min Joon Signature YoYo!,,,,,,,Size C,Aluminum Bi-Metal
Libero,66.0,Zero Gravity Return Tops,63.9,Size C (.250 x .500 x .187),"""Slim Pad"" Size 19mm OD",7075 Aluminum,Canada,,,2023-10-01,Powerful V-H Shape YoYo!,,,,,,,Size C,Aluminum
Gyrfalcon,420.0,yoyofriends,64.4,Size C (.250 x .500 x .187),"""Slim Pad"" Size 19mm OD",Magnesium w/ Stainless Steel Ring,China,,,2023-10-01,yoyofriends first take on Magnesium x Stainless Steel + MGSS with SE!,,,,,,,Size C,Magnesium Bi-Metal
Hidra NXG,54.99,iYoYo,65.3,Size C (.250 x .500 x .187),"""Slim Pad"" Size 19mm OD",Aluminum,Germany,,,2023-11-01,"Wide, Powerful YoYo!",,,,,,,Size C,Aluminum
Wizard,68.0,One Drop YoYos,64.1,Size C (.250 x .500 x .187),One Drop Standard Flow Groove Pads,6061 Aluminum,USA,,,2023-11-01,Will Prater Signature Yoyo!,,,,,,,Size C,Aluminum
Mini Hummingbird,100.0,yoyofriends,59.8,Size C (.250 x .500 x .187),"""Slim Pad"" Size 19mm OD",7068 w/ Brass Rings,China,,,2023-11-01,Miniature Hummingbird Yo-Yo!,,,,,,,Size C,Bi-Metal
Capstan '22,70.0,YoYoWorkShop,62.1,Size D,"CBC ""Slim Pad"" Size 19mm OD!",6061 Aluminum,,,,2023-02-01,Undersized D-Bearing YoYo!,,,,,,,Size D,Aluminum
Butterfly AL w/ Delrin Cap,69.99,Duncan,61.5,Size A,Small Bearing Slim Pad,6061 Aluminum w/ Delrin Cap,USA,China,,2023-02-01,Aluminum Butterfly 2023!,,,,,,,Size A,Aluminum
Imperial AL,69.99,Duncan,62.0,Size A,Small Bearing Slim Pad,6061 Aluminum,USA,China,,2023-02-01,Aluminum Imperial YoYo!,,,,,,,Size A,Aluminum
Mustang Grade 5,470.0,Turning Point,67.51,Size C (.250 x .500 x .187),"""Slim Pad"" Size 19mm OD",Titanium,Japan,Japan,,2023-02-01,Takeshi Matsuura signature YoYo!,,,,,,,Size C,Titanium
Genesis 2023,50.0,YoYoFactory,65.36,Size C (.250 x .500 x .187),"""Slim Pad"" Size 19mm OD",6061 Aluminum,USA,China,,2023-02-01,Miguel Correa Signature Yoyo!,,,,,,,Size C,Aluminum
SU1,160.0,Unparalleled,65.9,Size C (.250 x .500 x .187),"""Slim Pad"" Size 19mm OD",7075 w/ Stainless Steel Rings,USA and Japan,China,,2023-02-01,SOMETHING x UNPRLD YoYo Collab!,,,,,,,Size C,Bi-Metal
Anti-Mono,54.99,YoYo Sense,65.0,Size C (.250 x .500 x .187),"""Slim Pad"" Size 19mm OD",6061 Aluminum w/ Plastic Shell,China,China,,2023-02-01,"Comfty, yet POWERFUL Organic Shaped YoYo!",,,,,,,Size C,Aluminum
Overthinker,109.99,C3yoyodesign,63.4,Size C (.250 x .500 x .187),"""Slim Pad"" Size 19mm OD",6061 Aluminum w/ Stainless Steel Ring,Hong Kong,China,,,Zhou Bowen Signature YoYo!,,,,,,,Size C,Aluminum Bi-Metal
Emotion,60.0,Dressel Designs,65.8,Size C (.250 x .500 x .187),"""Slim Pad"" Size 19mm OD",7075 Aluminum,USA,China,,2023-03-01,Dressel Design's Flagship Monometal,,,,,,,Size C,Aluminum
Pheasant Monometal,48.0,yoyofriends,65.6,Size C (.250 x .500 x .187),"""Slim Pad"" Size 19mm OD",7068,China,China,,2023-03-01,Yoyofriends Monometal Flagship YoYo!,,,,,,,Size C,Other
Pheasant 2023,155.0,yoyofriends,63.4,Size C (.250 x .500 x .187),"""Slim Pad"" Size 19mm OD",7068 Aluminum w/ Stainless Steel Rims,China,China,,2023-03-01,Competition Grade Bi-Metal YoYo!,,,,,,,Size C,Aluminum Bi-Metal
Freebird OG,69.99,Duncan,65.5,Size C (.250 x .500 x .187),"""Slim Pad"" Size 19mm OD",6061 Aluminum,USA,China,,2023-03-01,Hank Freeman Signature YoYo!,,,,,,,Size C,Aluminum
Freebird 3,79.99,Duncan,65.6,Size C (.250 x .500 x .187),"""Slim Pad"" Size 19mm OD",6061 Aluminum,USA,China,,2023-03-01,Hank Freeman Signature YoYo!,,,,,,,Size C,Aluminum
Freebird 2,79.99,Duncan,65.5,Size C (.250 x .500 x .187),"""Slim Pad"" Size 19mm OD",6061 Aluminum,USA,China,,2023-03-01,Hank Freeman Signature YoYo!,,,,,,,Size C,Aluminum
Plastic 000,29.99,Luftverk,65.4,Size C (.250 x .500 x .187),"""Slim Pad"" Size 19mm OD",Plastic,Canada,China,,2023-03-01,Injection Machined Innovative Plastic,,,,,,,Size C,Plastic
The Martian,349.99,Round Spinning Objects,65.2,Size C (.250 x .500 x .187),"""CLYW Slim / G-Grip Response Type 50 Landing Pad""",Titanium,Singapore,China,,2023-03-01,MARTIAN INVASION!,,,,,,,Size C,Titanium
The Bowl MG,379.99,Round Spinning Objects,63.7,Size C (.250 x .500 x .187),"""CLYW Slim / G-Grip Response Type 50 Landing Pad""",Magnesium,Singapore,China,,2023-03-01,MAGNESIUM IS FOREVER,,,,,,,Size C,Magnesium
Puffin,90.0,Reykjavik Return Tops,63.8,Size C (.250 x .500 x .187),"""Slim Pad"" Size 19mm OD",Aluminum w/ Stainless Steel Rings,Iceland,China,,2023-03-01,Páll Guðmundsson Signature YoYo!,,,,,,,Size C,Aluminum Bi-Metal
A4,85.0,Polyform,66.1,Size C (.250 x .500 x .187),PF20.6 Pad,6061 + Polymide 66,,,,2023-04-01,6061 Aluminium With a Polyamide 66 Nylon Ring!,,,,,,,Size C,Other
MiLarge,69.99,Japan Technology,67.1,Size C (.250 x .500 x .187),"""Slim Pad"" Size 19mm OD",6061 Aluminum,Japan,China,,2023-04-01,Large & Powerful YoYo!,,,,,,,Size C,Aluminum
SS-001 MINI PANZER,62.99,Sturm Panzer,23.0,Custom NSK,Custom O-Ring,Brass,Japan,China,,2023-03-01,World's Smallest Unresponsive YoYo!,,,,,,,Other,Brass
SS-001z MINI-PANZER Economy,29.99,Sturm Panzer,21.7,Custom NSK Bearing,Custom O-Ring,Brass,Japan,China,,2023-03-01,Worlds Smallest Responsive Yoyo!,,,,,,,Other,Brass
Twin Drive Aluminum,99.99,Top Yo,64.0,Size C (.250 x .500 x .187),"""Slim Pad"" Size 19mm OD",7003 Aluminum w/ Stainless Steel Rings,China,China,,2023-04-01,Bi-metal with Twice the Power!,,,,,,,Size C,Aluminum Bi-Metal
Noema,79.99,Top Yo,66.0,Size C (.250 x .500 x .187),"""Slim Pad"" Size 19mm OD",7003 Aluminum w/ Stainless Steel Ring,China,China,,2023-04-01,Song Zihao Signature YoYo!,,,,,,,Size C,Aluminum Bi-Metal
Colossus S,49.99,Top Yo,65.5,Size C (.250 x .500 x .187),"""Slim Pad"" Size 19mm OD",7003 Aluminum w/ Stainless Steel Rings,China,China,,2023-04-01,Bi-Metal Colossus!,,,,,,,Size C,Aluminum Bi-Metal
Annihilation Mono,34.99,Top Yo,68.8,Size C (.250 x .500 x .187),"""Slim Pad"" Size 19mm OD",7003 Aluminum,China,China,,2023-04-01,Lin Junyi Signature YoYo!,,,,,,,Size C,Aluminum
T.R.Y.,34.99,Top Yo,65.0,Size C (.250 x .500 x .187),"""Slim Pad"" Size 19mm OD",7068 Aluminum,China,China,,2023-04-01,Organic Competition YoYo!,,,,,,,Size C,Aluminum
Kubrick,79.99,Smashing Yo-Yo Company,63.75,Size C,19mm Slim Pad,7075 Aluminum,,,,2023-01-01,Super Wide Design!,,,,,,,Size C,Aluminum
Lucas Decker Signature KnockOut Series YoYos,44.99,YoYoFactory,64.97,Size C (.250 x .500 x .187),"""Slim Pad"" Size 19mm OD",6061 Aluminum,USA,China,,2021-05-01,Eric Koloski Signature YoYo!,,,,,,,Size C,Aluminum
El Mijo Polycarbonate,69.0,Zero Gravity Return Tops,52.5,Size D,El Mijo Size D Response Pad,Polycarbonate,Canada,China,,2023-04-01,Slimline Polycarbonate Yoyo!,,,,,,,Size D,Polycarbonate
TiNY,140.0,yoyofriends,60.95,Size C (.250 x .500 x .187),"""Slim Pad"" Size 19mm OD",Titanium,China,China,,2023-04-01,Small Titanium YoYo!,,,,,,,Size C,Titanium
Cheatcode,65.0,Brandon Vu & Jeffrey Pang,67.1,Size C (.250 x .500 x .187),"""Slim Pad"" Size 19mm OD",6061 Aluminum w/ Delrin Caps,Canada,China,,2023-04-01,The Ultimate Fingerspin Yoyo!,,,,,,,Size C,Aluminum
Yonami Code,47.99,Rain City,62.5,Size C (.250 x .500 x .187),"""Slim Pad"" Size 19mm OD",6061 Aluminum,Canada,China,,2023-04-01,Triple Signature H Shape YoYo!,,,,,,,Size C,Aluminum
Orbital GTX 2,74.99,Duncan,66.6,Size C (.250 x .500 x .187),"""Slim Pad"" Size 19mm OD",6061 Aluminum w/ Stainless Steel Ring,USA,China,,2023-04-01,Tal Mordoch Signature YoYo!,,,,,,,Size C,Aluminum Bi-Metal
Grasshopper GTX 2,79.99,Duncan,65.2,Size C (.250 x .500 x .187),"""Slim Pad"" Size 19mm OD",6061 Aluminum w/ Stainless Steel Ring,USA,China,,2023-04-01,Janos Karancz Signature YoYo!,,,,,,,Size C,Aluminum Bi-Metal
Kodiak,90.0,Caribou Lodge,65.83,Size C (.250 x .500 x .187),CLYW Snow Tire,6061 Aluminum,Canada,China,,2023-05-01,Tessa Piccillo Signature Yoyo!,,,,,,,Size C,Aluminum
OOCH SnapBack Starter Set,19.99,YoYoExpert,,,,,,,,,The best way to get started,,,,,,,,
OOCH SnapBack & Atom Smasher Starter Set,35.99,YoYoExpert,,,,,,,,,The best way to get started,,,,,,,,
OOCH SnapBack YoYo,12.99,YoYoExpert,,,,,,,,,The best way to get started,,,,,,,,
Notion,80.0,Unparalleled,69.39,Size C (.250 x .500 x .187),"""Slim Pad"" Size 19mm OD",POM w/ Stainless Steel Rings,USA,China,,2023-05-01,Colin Beckford Signature YoYo!,,,,,,,Size C,POM Bi-Metal
Speedaholic FX,59.99,C3yoyodesign,65.25,Size C (.250 x .500 x .187),19mm Slim Pad Size,Polycarbonate w/ 6061 Rims/Hubs,Hong Kong,,,2023-05-01,Hybrid Fingerspin YoYo!,,,,,,,Size C,Polycarbonate
Satinav,220.0,C3yoyodesign,64.0,Size C (.250 x .500 x .187),"""Slim Pad"" Size 19mm OD",6061 Aluminum w/ Titanium Ring,Hong Kong,China,,2023-05-01,Leo Chan Matsumoto Signature YoYo!,,,,,,,Size C,Aluminum Bi-Metal
Harmonic,120.0,Motion YoYo,62.9,Size C (.250 x .500 x .187),"""Slim Pad"" Size 19mm OD",7068 Aluminum - SS rims (20.9g each),USA,,,2023-05-01,The YoYo For Relaxing & Enjoying Your Day,,,,,,,Size C,Aluminum
Snowberry,65.0,Atmos Project,65.6,Size C (.250 x .500 x .187),"""Slim Pad"" Size 19mm OD",Delrin,,,,2023-06-01,Organic Delrin YoYo!,,,,,,,Size C,Delrin
Samothrace,159.99,C3yoyodesign,64.6,Size C (.250 x .500 x .187),"""Slim Pad"" Size 19mm OD",7075 Aluminum w/ Stainless Steel Ring,Hong Kong,,,2023-06-01,Hobbit Wang Xiao-Wen Signature YoYo!,,,,,,,Size C,Aluminum Bi-Metal
Reboot,71.0,One Drop YoYos,63.5,Size C (.250 x .500 x .187),One Drop Standard Flow Groove Pad,7075 Aluminum,USA,USA,,2023-05-01,Ryosuke Kawamura Signature YoYo!,,,,,,,Size C,Aluminum
Blur Autoscopy,86.99,yoyorecreation,61.7,Size C (.250 x .500 x .187),"""Slim Pad"" Size 19mm OD",6061 Aluminum,Japan,,,2023-06-01,Hajime Miura Signature YoYo!,,,,,,,Size C,Aluminum
Turbo Grind Machine,60.0,YoYoFactory,55.5,Size A,Retro Response Pads,6061 Aluminum,USA,China,,2023-06-01,Retro Responsive YoYo!,,,,,,,Size A,Aluminum
Hybrid Fulvia,55.0,Luftverk,64.98,Size C (.250 x .500 x .187),"""Slim Pad"" Size 19mm OD",Polycarbonate w/ 6061 Aluminum Rings,Canada,China,,2023-06-01,Classic YoYoJam Feel w/ Modern Form Factor Design!,,,,,,,Size C,Polycarbonate Bi-Metal
Jugemu,79.99,Japan Technology,66.8,Size C (.250 x .500 x .187),"""Slim Pad"" Size 19mm OD",Aluminum,Japan,China,,2023-06-01,Taking Heavyweight YoYos to the next level!,,,,,,,Size C,Aluminum
Burning Hammer,49.99,Turnbuckle YoYo,66.0,Size C (.250 x .500 x .187),"""Slim Pad"" Size 19mm OD",6061 Aluminum,USA,China,,2022-08-01,Inspired by Kenta Kobashi's legendary finisher!,,,,,,,Size C,Aluminum
Torrent 2,69.0,General Yo,66.45,Size C (.250 x .500 x .187),"General Yo ""Hat Pads"" 20mm",6061 Aluminum,USA,China,,2022-08-01,Back after over a decade!,,,,,,,Size C,Aluminum
Dunk Rebound,65.0,Jake Bullock,64.6,Size D (5x11x5 mm),Freshly Dirty Response Pads,7075 Aluminum,USA,China,,2022-08-01,7075 Aluminum DUNK!,,,,,,,Size D,Aluminum
Toddler LINKX,49.99,Japan Technology,55.6,Size D (5x11x5 mm),,Aluminum,Japan,China,,2022-08-01,Mini metal version of the LINKX!,,,,,,,Size D,Aluminum
Durendal,83.99,Zero Gravity Return Tops,62.7,Size C (.250 x .500 x .187),"""Slim Pad"" Size 19mm OD",Aluminum w/ Steel Rims,Canada,China,,2022-08-01,As powerful and Agile as the sword it's named after!,,,,,,,Size C,Aluminum Bi-Metal
Motif,119.99,Unparalleled,63.25,Size C (.250 x .500 x .187),19mm slim Pad Size,Body: 7075AluminumRim: 6061 Aluminum,USA,China,,2022-09-01,Daniel Kim Signature Yo-Yo!,,,,,,,Size C,Aluminum
Tachyon,109.99,yoyofriends,60.8,Size C (.250 x .500 x .187),"""Slim Pad"" Size 19mm OD",7068 Aluminum w/ Stainless Steel Rims,China,China,,2022-09-01,YoYoFriends 6th Anniversary Release!,,,,,,,Size C,Aluminum Bi-Metal
Gemstones,119.99,Arc1,,Size D (5x11x5 mm),"""Slim Pad"" Size 19mm OD",,Netherlands,China,,,Stunning New YoYo Design,,,,,,,Size D,
Infiltrate,,MOWL,67.0,Size C (.250 x .500 x .187),"""Slim Pad"" Size 19mm OD",7075 Aluminum,Japan,China,,2022-09-01,Eric Tranton signature yoyo!,,,,,,,Size C,Aluminum
SnapBack,12.99,YoYoExpert,55.3,Size A - Center Trac,Starbust,,USA,China,,,Longest Spinning Starter YoYo,,,,,,,Size A,
Beater,99.99,Caribou Lodge,66.8,Size C (.250 x .500 x .187),Snow Tires,7075 Aluminum,Canada,China,,2022-09-01,Double Rim Organic Design,,,,,,,Size C,Aluminum
Sasquatch,119.99,Caribou Lodge,62.4,Size C (.250 x .500 x .187),Snow Tires,6061 Aluminum,Canada,China,,2022-09-01,The Sasquatch Returns in a BIG way!,,,,,,,Size C,Aluminum
Haymaker OG,69.99,Duncan,60.8,ConcaveSize C (.250 x .500 x .187),"Duncan Silicone Groove StickersCompatible with ""Slim Pad"" Size 19mm OD",,USA,China,,,Fast Powerful Bi-Metal Design!,,,,,,,Size C,
Haymaker (Aluminum),44.99,Duncan,64.2,Size C (.250 x .500 x .187),19mm Slim Pad Size,,USA,China,,,Versatile and Powerful Design!,,,,,,,Size C,
Wingweaver,85.0,Damian Puckett,,Size C (.250 x .500 x .187),"""Slim Pad"" Size 19mm OD",7068 Aluminum/Stainless Steel Rings & 7068 Aluminum/Brass Rings,USA,China,,2022-10-01,Powerful W-Shaped YoYo,,,,,,,Size C,Aluminum Bi-Metal
Fusion,85.0,Damian Puckett,,Size C (.250 x .500 x .187),"""Slim Pad"" Size 19mm OD",7068 Aluminum/Stainless Steel Rings & 7068 Aluminum/Brass Rings,USA,China,,2022-10-01,Damian Puckett and Dressel Designs Collaboration!,,,,,,,Size C,Aluminum Bi-Metal
Aventus,100.0,Thesis,65.0,Size C (.250 x .500 x .187),"""Slim Pad"" Size 19mm OD",6061 Aluminum + SS Rings,USA,China,,2022-10-01,Powerful V-Shaped Bi-Metal!,,,,,,,Size C,Aluminum Bi-Metal
MonsteR,54.99,YoYoFactory,67.0,Size C (.250 x .500 x .187),"""Slim Pad"" Size 19mm OD",6061 Aluminum,Japan,China,,2022-10-01,A REALLY WIDE MONO-METAL YO-YO!,,,,,,,Size C,Aluminum
KnuckleYo,63.99,Zero Gravity Return Tops,47.7,Concave Size A,“Slim Pad” Size 19mm OD,Aluminum Body w/ Stainless Steel brass or Copper Beads,Canada,China,,2022-10-01,Knuckleroller x Yo-Yo!,,,,,,,Size A,Aluminum Bi-Metal
Monarch,79.99,Dressel Designs,65.3,Size C (.250 x .500 x .187),"""Slim Pad"" Size 19mm OD",6061 Aluminum,USA,China,,2022-10-01,Plastic Body W/ Aluminum Weight Rings!,,,,,,,Size C,Aluminum
Diffraction V3,69.99,MK1 YoYos,64.4,Size C (.250 x .500 x .187),"""Slim Pad"" Size 19mm OD",7075 Aluminum,USA,China,,2022-10-01,Monometal Designed For Comfort and Performance!,,,,,,,Size C,Aluminum
Deeper State,54.0,One Drop YoYos,52.3,Size C (.250 x .500 x .187),One Drop Pads  Standard Flow Groove Pad,6061 Aluminum,USA,USA,,2022-10-01,We Need To Go Deeper!,,,,,,,Size C,Aluminum
Free Solo,66.0,One Drop YoYos,65.0,Size C (.250 x .500 x .187),One Drop Pads  Standard Flow Groove Pad,7075 Aluminum,USA,USA,,2022-10-01,Powerful 7075 Aluminum V-Shaped Yo-Yo!,,,,,,,Size C,Aluminum
Thorn,62.0,One Drop YoYos,64.7,Size C (.250 x .500 x .187),One Drop Pads  Standard Flow Groove Pad,6061 Aluminum,USA,USA,,2022-10-01,Do you dare try a spin start or air grab?,,,,,,,Size C,Aluminum
Cold Fusion GT,69.99,Duncan,,Size A,Small Bearing Pad,6061 Aluminum,USA,China,,2022-11-01,An all time classic re-imagined for a modern age.,,,,,,,Size A,Aluminum
wave,,Static Co,63.2,Size C (.250 x .500 x .187),One Drop Flow Groove Pads,7068 Aluminum,USA,China,,2022-11-01,"Fun, Slim, Highwall Organic - Brian Cosky Signature YoYo",,,,,,,Size C,Aluminum
Legato II,96.99,General Yo,64.4,Size C (.250 x .500 x .187),"""Slim Pad"" Size 19mm OD",7075 Aluminum w/ Stainless Steel Rings,USA,China,,2023-01-01,Powerful V-Shaped Bi-Metal YoYo!,,,,,,,Size C,Aluminum Bi-Metal
Stellar IX,124.99,C3yoyodesign,73.4,Size C (.250 x .500 x .187),"""Slim Pad"" Size 19mm OD",Polycarbonate,Hong Kong,China,,2022-11-01,Sora Ishikawa Signature YoYo,,,,,,,Size C,Polycarbonate
Geedorah,60.0,GWAY,64.6,Size C (.250 x .500 x .187),"""Slim Pad"" Size 19mm OD",6061 Aluminum,USA,China,,2022-11-01,GWAY Throws First Competition Design!,,,,,,,Size C,Aluminum
Kamuraiju,66.0,One Drop YoYos,64.55,Size C (.250 x .500 x .187),One Drop Standard Flow Groove Pad,6061 Aluminum,USA,USA,,2022-11-01,Flat Rimmed - Daiju Okamura Signature YoYo!,,,,,,,Size C,Aluminum
Miracle,159.99,YoYoFactory,65.8,Size C (.250 x .500 x .187),"""Slim Pad"" Size 19mm OD",7075 Aluminum w/Brass/Polycarbonate Rims,USA,China,,2022-11-01,The Next Generation of Yo-Yo Performance and Design - Mir & Miri Kim Signature YoYos!,,,,,,,Size C,Aluminum Bi-Metal
Edge FS 2.0,35.99,YoYoFactory,66.8,Size C (.250 x .500 x .187),"""Slim Pad"" Size 19mm OD",6061 Aluminum,USA,China,,2022-11-01,Budget Fingerspin YoYo!,,,,,,,Size C,Aluminum
Qi,61.99,Zero Gravity Return Tops,62.1,Size C (.250 x .500 x .187),"""Slim Pad"" Size 19mm OD",7003Aluminum,Canada,China,,2022-11-01,Comfortable H-Shaped YoYo!,,,,,,,Size C,Aluminum
MN AUTOSCOPY,65.99,yoyorecreation,67.0,Size C (.250 x .500 x .187),"""Slim Pad"" Size 19mm OD",Aluminum,Japan,China,,2022-11-01,Hajime Miura Signature YoYo!,,,,,,,Size C,Aluminum
BAE,168.99,yoyorecreation,65.0,Size C (.250 x .500 x .187),YYR Size C,Aluminum,Japan,China,,2022-12-01,Toru Miyazaki signature model!,,,,,,,Size C,Aluminum
Orochi,97.99,Sengoku,67.0,Size C (.250 x .500 x .187),"""Slim Pad"" Size 19mm OD",7068 Aluminum,Japan,China,,2022-12-01,Organic meets Sengoku!,,,,,,,Size C,Aluminum
Dynames,55.0,MK1 YoYos,64.0,Size C (.250 x .500 x .187),"""Slim Pad"" Size 19mm OD",7075 Aluminum,USA,China,,2022-12-01,Rounded Out V Shaped YoYo - Max Choo Signature YoYo!,,,,,,,Size C,Aluminum
Seiji,120.0,Unparalleled,65.61,Size C (.250 x .500 x .187),"""Slim Pad"" Size 19mm OD",7068 Aluminum w/ Stainless Steel Rings,USA,China,,2022-12-01,Signature Bimetal of Junsang Park,,,,,,,Size C,Aluminum Bi-Metal
Graviton,179.99,yoyofriends,64.7,Size C (.250 x .500 x .187),19mm slim Pad Size,,China,China,,,Bi-metal With Titanium Rims! - Tony Sung Signature YoYo!,,,,,,,Size C,
Pharaoh Plus,139.99,Good Life YoYos,64.41,Size C (.250 x .500 x .187),"""Slim Pad"" Size 19mm OD",6061 Aluminum w/ Stainless Steel Rings,USA,China,,2022-12-01,Filip David Signature Series,,,,,,,Size C,Aluminum Bi-Metal
Plastic Fulvia,29.99,Luftverk,67.01,Size C (.250 x .500 x .187),"""Slim Pad"" Size 19mm OD",Plastic,Canada,China,,2022-12-01,Injection Machined Innovative Plastic,,,,,,,Size C,Plastic
The Bowl 303,,Round Spinning Objects,63.7,Size C (.250 x .500 x .187),"""Slim Pad"" Size 19mm OD",303 Stainless Steel,Singapore,China,,2022-12-01,ENGINEERING MARVEL,,,,,,,Size C,Stainless Steel
Hades,219.99,Turning Point,80.2,Size C (.250 x .500 x .187),"""Slim Pad"" Size 19mm OD",6061 w/ Stainless Steel Rings,Japan,China,,2023-01-01,Over Sized Bi-Metal YoYo!,,,,,,,Size C,Bi-Metal
Solenoid,139.99,Turning Point,67.3,Size C (.250 x .500 x .187),"""Slim Pad"" Size 19mm OD",6061 Aluminum,Japan,China,,2023-01-01,Stable Heavy-weight Powerful YoYo!,,,,,,,Size C,Aluminum
Ziz,199.99,Turning Point,66.5,Size C (.250 x .500 x .187),"""Slim Pad"" Size 19mm OD",6061 w/ Titanium Rim,Japan,,,2023-01-01,Ryo Enomoto Signature Yoyo!,,,,,,,Size C,Bi-Metal
Nucleon,80.7,yoyofriends,65.1,Size C (.250 x .500 x .187),"""Slim Pad"" Size 19mm OD",7068 Aluminum w/ Stainless Steel Rims,China,China,,2023-01-01,YoYoFriends 7th Anniversary Release!,,,,,,,Size C,Aluminum Bi-Metal
Hatrick 2,104.99,General Yo,65.0,Size C (.250 x .500 x .187),Hat Pads,7075 Aluminum w/ Stainless Steel Rings,USA,China,,2023-01-01,Organic 7075 Aluminum Bi-Metal YoYo!,,,,,,,Size C,Aluminum Bi-Metal
Wyvern,62.0,One Drop YoYos,66.6,Size C (.250 x .500 x .187),One Drop Standard Flow Groove Pad,6061 Aluminum,USA,USA,,2023-01-01,Flat Rimmed - Andrew Daugherty Signature YoYo!,,,,,,,Size C,Aluminum
Spotlight Ultra,59.99,YoYoFactory,64.8,Size C (.250 x .500 x .187),"""Slim Pad"" Size 19mm OD",7068 Aluminum,USA,China,,2023-01-01,Hunter Feuerstein Signature YoYo!,,,,,,,Size C,Aluminum
Cyber Crash 2,34.99,C3yoyodesign,65.2,Size C (.250 x .500 x .187),"""Slim Pad"" Size 19mm OD",6061 Aluminum,Hong Kong,China,,2023-02-01,C3 Crash Series!,,,,,,,Size C,Aluminum
YYF Fast 201,9.99,YoYoFactory,,,,,,,,,Fully Active Starburst Technology,,,,,,,,
YYF DV888,19.99,YoYoFactory,,,,,,,,,Affordable Entry-Level Metal Yo-Yo,,,,,,,,
Duncan Pulse,8.99,Duncan,,,,,,,,,Light Up Yo-Yo!,,,,,,,,
YYF Mighty Flea,64.99,YoYoFactory,,,,,,,,,Worlds Smallest Yo-Yo Built For Advanced Play,,,,,,,,
Metal Drifter,24.99,Duncan,58.5,Size C Narrow,19mm Slim Pad Size,,USA,China,,,Redesigned for modern performance!,,,,,,,Size C,
Duncan Proyo,6.5,Duncan,,,,,,,,,Great Intro Yo-Yo - Learn The Basics,,,,,,,,
YYF ONE,12.99,YoYoFactory,,,,,,,,,THE ONE YO-YO EVERYONE SHOULD OWN,,,,,,,,
Whip,8.99,YoYoFactory,,,,,,,,,Amazing performance and play at a great price!,,,,,,,,
YYF One Starter Set,18.99,YoYoFactory,,,,,,,,,Get Started The YoYoFactory Way!,,,,,,,,
Power Brain XP,14.99,Yomega,,,,,,,,,SmartSwitch Technology.,,,,,,,,
FIRMY,49.99,sOMEThING,,,,,,,,,Your First Metal Yo-Yo,,,,,,,,
Velocity,15.99,YoYoFactory,,,,,,,,,Fully Adjustable Plastic Yo-Yo,,,,,,,,
Duncan Butterfly XT,5.99,Duncan,,,,,,,,,All Affordable Beginner Bearing Yo-Yo,,,,,,,,
The V,55.0,sOMEThING,,,,,,,,,Japenese High End Machined Delrin Yo-Yo,,,,,,,,
ANGLAM CC (Christopher Chia Edition),210.0,sOMEThING,,,,,,,,,Christopher Chia Signature Yo-Yo,,,,,,,,
Duncan Flipside,19.99,Duncan,,,,,,,,,Go Responsive To Unresponsive With Just A Flip,,,,,,,,
Duncan Hornet,12.99,Duncan,,,,,,,,,Advanced Looping Yo-Yo,,,,,,,,
Yoyorecreation Diffusion,33.99,yoyorecreation,,,,,,,,,All Plastic Japanese Design,,,,,,,,
Shutter,44.99,YoYoFactory,,,,,,,,,A Great Yo-Yo Is Something Every Champion Needs!,,,,,,,,
Addiction,39.99,sOMEThING,,,,,,,,,Warning: This Yo-Yo May Be Habit Forming!,,,,,,,,
YYF Hubstack YoYo,24.99,YoYoFactory,,,,,,,,,Hubstack Play Has Never Been More Fun!,,,,,,,,
Aura,39.99,Top Yo,64.5,Size C (.250 x .500 x .187),"""Slim Pad"" Size 19mm OD",7003 Aluminum,China,China,,2022-04-01,Bi-metal style without the bi-metal price!,,,,,,,Size C,Aluminum
Null,34.99,Top Yo,64.5,Size C (.250 x .500 x .187),"""Slim Pad"" Size 19mm OD",7068 Aluminum,China,China,,2022-04-01,TopYo x July YoYo Collaboration!,,,,,,,Size C,Aluminum
Heterogeneity,69.99,MOWL,66.1,Size C (.250 x .500 x .187),"""Slim Pad"" Size 19mm OD",Aluminum,Japan,China,,2022-04-01,Kenta Kushiro signature yoyo!,,,,,,,Size C,Aluminum
Inception,179.99,Few and Far Between,64.5,Size C (.250 x .500 x .187),"""Slim Pad"" Size 19mm OD",7068 Aluminum w/ Titanium Rims,USA,China,,2022-05-01,Jonathan Saelens signature yoyo!,,,,,,,Size C,Aluminum Bi-Metal
Punk,64.99,Rain City,63.1,Size C (.250 x .500 x .187),"""Slim Pad"" Size 19mm OD",Delrin,Canada,China,,2022-05-01,Jeff Anderson signature model!,,,,,,,Size C,Delrin
Stratom,34.99,Infinity Layer,62.5,Size C (.250 x .500 x .187),"""Slim Pad"" Size 19mm OD",PLA,Canada,Canada,,2022-05-01,3D Printed YoYo!,,,,,,,Size C,Plastic
Infinity Weight,9.99,Infinity Layer,,,,,,,,,3D Printed Counterweights!,,,,,,,,
Derivative,359.99,Turning Point,67.7,Size C (.250 x .500 x .187),"""Slim Pad"" Size 19mm OD",Magnesium,Japan,China,,2022-05-01,Full Magnesium YoYo!,,,,,,,Size C,Magnesium
Acanthus,74.99,Turning Point,66.3,Size C (.250 x .500 x .187),"""Slim Pad"" Size 19mm OD",6061 Aluminum,Japan,China,,2022-05-01,Takeshi Matsuura Signature Model!,,,,,,,Size C,Aluminum
Alnilam,434.99,Turning Point,66.25,Size C (.250 x .500 x .187),"""Slim Pad"" Size 19mm OD",Magnesium w/ Stainless Steel Rims,Japan,China,,2022-05-01,Magnesium with Stainless Steel Rims!,,,,,,,Size C,Magnesium Bi-Metal
ASTer,269.99,Turning Point,70.1,Size C (.250 x .500 x .187),"""Slim Pad"" Size 19mm OD",6061 Aluminum w/ Titanium and Stainless Steel Rings,Japan,China,,2022-05-01,Yuta Kashiwaya Signature Model!,,,,,,,Size C,Aluminum
High Wall,59.99,MOWL,65.6,Size C (.250 x .500 x .187),"""Slim Pad"" Size 19mm OD",Plastic,Japan,China,,2022-05-01,New plastic design!,,,,,,,Size C,Plastic
Sushi,379.99,Round Spinning Objects,67.1,Size C (.250 x .500 x .187),CLYW Snow Tire Pad,Titanium,Singapore,China,,2022-05-01,Side Effect Titanium Design!,,,,,,,Size C,Titanium
Mirage Box Set,229.99,Japan Technology,,,,,,,,,Three piece Mirage Collection!,,,,,,,,
Two Bits,64.99,Rain City,56.05,Size D,"""Slim Pad"" Size 19mm OD",Stainless Steel,Canada,China,,2022-05-01,New Mini Design!,,,,,,,Size D,Stainless Steel
Epsilon,89.99,Throwing Sideways,64.37,Size C (.250 x .500 x .187),"""Slim Pad"" Size 19mm OD",6061 Aluminum w/ Stainless Steel Rims,USA,China,,2022-05-01,Our first release from Throwing Sideways!,,,,,,,Size C,Aluminum Bi-Metal
Berserker Decade,44.99,C3yoyodesign,65.73,Size C (.250 x .500 x .187),"""Slim Pad"" Size 19mm OD",6061 Aluminum,Hong Kong,China,,2022-06-01,10 Years of Berserker!,,,,,,,Size C,Aluminum
Socius,144.99,C3yoyodesign,64.03,Size C (.250 x .500 x .187),"""Slim Pad"" Size 19mm OD",6061 Aluminum w/ Stainless Steel Rims,Hong Kong,China,,2022-06-01,World Champion Shion Araya Signature Model!,,,,,,,Size C,Aluminum Bi-Metal
Riesenwellen - Cruiser,79.99,R2FG,64.5,Size C (.250 x .500 x .187),"""Slim Pad"" Size 19mm OD",7075 Aluminum w/ Stainless Steel Rim,China,China,,2022-06-01,New brand from R2FG!,,,,,,,Size C,Aluminum Bi-Metal
Riesenwellen - Sailfish,79.99,R2FG,63.4,Size C (.250 x .500 x .187),"""Slim Pad"" Size 19mm OD",7075 Aluminum w/ Stainless Steel Rim,China,China,,2022-06-01,New Brand from R2FG!,,,,,,,Size C,Aluminum Bi-Metal
Jade,79.99,R2FG,65.0,Size C (.250 x .500 x .187),"""Slim Pad"" Size 19mm OD",Polycarbonatew/ Stainless Steel Rim,China,China,,2022-06-01,Rounded bi-material design.,,,,,,,Size C,Polycarbonate Bi-Metal
Euclase AL,35.99,R2FG,63.8,Size C (.250 x .500 x .187),"""Slim Pad"" Size 19mm OD",6061 Aluminum,China,China,,2022-06-01,New Aluminum Design!,,,,,,,Size C,Aluminum
Hydrogen Crash,109.99,C3yoyodesign,63.2,Size C (.250 x .500 x .187),"""Slim Pad"" Size 19mm OD",6061 Aluminum w/ Stainless Steel Rims,Hong Kong,China,,2022-06-01,C3 CRASH Series!,,,,,,,Size C,Aluminum Bi-Metal
Galaxy Dinosaur,,C3yoyodesign,63.7,Size C (.250 x .500 x .187),"""Slim Pad"" Size 19mm OD",6061 Aluminum w/ Titanium Rims,Hong Kong,China,,2022-06-01,The latest in the Galaxy Diver series!,,,,,,,Size C,Aluminum Bi-Metal
Spyglass,99.99,MK1 YoYos,63.9,Size C (.250 x .500 x .187),"""Slim Pad"" Size 19mm OD",7075 Aluminum w/ Stainless Steel Ring,USA,China,,2022-06-01,Unique organic bi-metal design!,,,,,,,Size C,Aluminum Bi-Metal
Shortcut,30.0,yoyofriends,66.2,Size C (.250 x .500 x .187),"""Slim Pad"" Size 19mm OD",6061 Aluminum,China,China,,2022-06-01,Shortcut to a higher level of performance!,,,,,,,Size C,Aluminum
Holly5,29.99,YJYOYO,66.3,Size C (.250 x .500 x .187),"""Slim Pad"" Size 19mm OD",6061 Aluminum,Korea,China,,2022-06-01,Beginner Friendly Unresponsive Metal!,,,,,,,Size C,Aluminum
Lapaz,40.99,YJYOYO,66.1,Size C (.250 x .500 x .187),"""Slim Pad"" Size 19mm OD",6061 Aluminum,Korea,China,,2022-06-01,Excellent choice for any skill level!,,,,,,,Size C,Aluminum
Time Slip,40.99,YJYOYO,66.1,Size C (.250 x .500 x .187),"""Slim Pad"" Size 19mm OD",6061 Aluminum,Korea,China,,2022-06-01,Maximum spin time and stability!,,,,,,,Size C,Aluminum
Segamonte,109.99,YJYOYO,65.46,Size C (.250 x .500 x .187),"""Slim Pad"" Size 19mm OD",6061 Aluminum w/ Stainless Steel Rims,Korea,China,,2022-06-01,Built for competitive 1A play!,,,,,,,Size C,Aluminum Bi-Metal
Monories,69.99,YJYOYO,65.0,Size C (.250 x .500 x .187),"""Slim Pad"" Size 19mm OD",6061 Aluminum,Korea,China,,2022-06-01,Oversized mono-metal design!,,,,,,,Size C,Aluminum
Metal of the Future,124.99,YJYOYO,66.0,Size C (.250 x .500 x .187),"""Slim Pad"" Size 19mm OD",Aluminum / Stainless Steel / POM,Korea,China,,2022-06-01,Welcome to the Future!,,,,,,,Size C,Various
Spinell,17.99,YJYOYO,64.6,Size C (.250 x .500 x .187),"""Slim Pad"" Size 19mm OD",Polycarbonate,Korea,China,,2022-06-01,Entry level unresponsive design!,,,,,,,Size C,Polycarbonate
Informel,59.99,Unparalleled,63.5,Size C (.250 x .500 x .187),"""Slim Pad"" Size 19mm OD",6061 Aluminum,USA,China,,2022-07-01,In Hyeok Choi Signature YoYo!,,,,,,,Size C,Aluminum
The Bowl Mini - Titanium,299.99,Round Spinning Objects,62.71,Size C (.250 x .500 x .187),"""Slim Pad"" Size 19mm OD",Titanium,Singapore,China,,2022-07-01,Titanium version of the Bowl Mini!,,,,,,,Size C,Titanium
Cloudstrike,319.99,yoyofriends,65.8,Size C (.250 x .500 x .187),"""Slim Pad"" Size 19mm OD",Magnesium,China,China,,2022-07-01,The first Mg yoyo from YoYoFriends!,,,,,,,Size C,Magnesium
Hendiatris,89.99,yoyoball,62.25,Size C (.250 x .500 x .187),"""Slim Pad"" Size 19mm OD",7068 AL / Stinless Steel / POM,China,China,,2022-07-01,Bi-metal design with a free spinning catch zone!,,,,,,,Size C,Various
Switchblade,79.99,YoYoFactory,65.25,Size C (.250 x .500 x .187),"""Slim Pad"" Size 19mm OD",6061 Aluminum w/ Stainless Steel Rings,USA,China,,2022-07-01,Michael Malík Signature YoYo!,,,,,,,Size C,Aluminum Bi-Metal
R-Type,44.99,YoYoFactory,66.2,Size C (.250 x .500 x .187),"""Slim Pad"" Size 19mm OD",6061 Aluminum,USA,China,,2022-07-01,An elite performing yoyo at a competitive price!,,,,,,,Size C,Aluminum
Halo,34.99,YoYoFactory,65.6,Size C (.250 x .500 x .187),"""Slim Pad"" Size 19mm OD",6061 Aluminum,USA,China,,2022-07-01,Angel2Up A.K.A. Angelo Aguirre Signature Yo-Yo!,,,,,,,Size C,Aluminum
The LiV,89.99,Free2Throw,57.15,Size C (.250 x .500 x .187),"""Slim Pad"" Size 19mm OD",6061 Aluminum w/ Stainless Steel or Brass Rings,USA,China,,2022-07-01,Lighweight bi-metal with an organic profile.,,,,,,,Size C,Aluminum Bi-Metal
Monotone,63.99,yoyorecreation,67.5,Size C (.250 x .500 x .187),"""Slim Pad"" Size 19mm OD",6061 Aluminum,Japan,China,,2022-07-01,Tony Šec Signature YoYo!,,,,,,,Size C,Aluminum
Tone,160.99,yoyorecreation,65.0,Size C (.250 x .500 x .187),"""Slim Pad"" Size 19mm OD",7075Aluminum w/ Stainless Steel Rings,Japan,China,,2022-07-01,Tony Šec Signature YoYo!,,,,,,,Size C,Aluminum Bi-Metal
Mirage ESD,79.99,Japan Technology,66.9,Size C (.250 x .500 x .187),"""Slim Pad"" Size 19mm OD",7075 Aluminum,Japan,China,,2022-07-01,Extra Super Duralumin!,,,,,,,Size C,Aluminum
Shade,159.99,Japan Technology,66.0,Size C (.250 x .500 x .187),"""Slim Pad"" Size 19mm OD",6061 Aluminum w/ Stainless Steel Rings,Japan,China,,2022-08-01,Competition geared bi-metal!,,,,,,,Size C,Aluminum Bi-Metal
N11,15.99,MagicYoYo,64.7,Size C (.250 x .500 x .187),"""Slim Pad"" Size 19mm OD",6061 Aluminum,China,China,,2022-08-01,Entry level unresponsive yoyo.,,,,,,,Size C,Aluminum
V3,16.99,MagicYoYo,64.9,Slim,"""Slim Pad"" Size 19mm OD",6061 Aluminum,China,China,,2022-08-01,Responsive entry-level metal yoyo.,,,,,,,Other,Aluminum
Crystal,12.99,MagicYoYo,65.0,Slim,"""Slim Pad"" Size 19mm OD",Polycarbonate,China,China,,2022-08-01,Unresponsive plastic design!,,,,,,,Other,Polycarbonate
Hanzo,89.0,Sengoku,60.0,Size C (.250 x .500 x .187),19mm Slim Pad Size,,Japan,China,,,Mono-Metal Version of the Hattori!,,,,,,,Size C,
Little Confusion,40.0,YoYoFactory,51.55,Size A (5x10x4 mm),YYF Small Response Pad Thick Orange Pads,,USA,China,,,Mini Hubstack Design!,,,,,,,Size A,
Spin Gadget,9.99,Japan Technology,56.12,Plastic Spool,Starburst,Plastic,Japan,China,,2021-12-01,Entry level plastic yoyo.,,,,,,,Spool,Plastic
Locus,59.99,pdx-yo,65.45,Size C (.250 x .500 x .187),"""Slim Pad"" Size 19mm OD",6061 Aluminum,USA,China,,2021-12-01,Organic mon-metal design!,,,,,,,Size C,Aluminum
Neo Master Galaxy,54.99,C3yoyodesign,65.4,Size C (.250 x .500 x .187),"""Slim Pad"" Size 19mm OD",6061 Aluminum,Hong Kong,China,,2021-12-01,Extra wide yoyo design!,,,,,,,Size C,Aluminum
Hybrid,79.99,MOWL,62.7,Size C (.250 x .500 x .187),"""Slim Pad"" Size 19mm OD",Polycarbonate Body w/ POM Rims,Japan,China,,2021-12-01,Bi-Plastic Design!,,,,,,,Size C,Polycarbonate
El Mijo,84.99,Zero Gravity Return Tops,58.0,Size D,El Mijo Size D Response Pad,7075 Aluminum,Canada,China,,2021-12-01,Slim D-bearing design!,,,,,,,Size D,Aluminum
Rebrand,11.99,Rain City,50.62,Size C Narrow,19mm Slim Pad Size,Polycarbonate,China,China,,2022-05-01,Entry level responsive yoyo.,,,,,,,Size C,Polycarbonate
Tropic Alien,49.99,Recess,66.31,Size C (.250 x .500 x .187),"""Slim Pad"" Size 19mm OD",6061 Aluminum,USA,China,,2021-12-01,Zafran Aqil Signature YoYo!,,,,,,,Size C,Aluminum
Kagerou,179.99,Japan Technology,65.3,Size C (.250 x .500 x .187),"""Slim Pad"" Size 19mm OD",Aluminum Body w/ Steel Rings,Japan,China,,2022-01-01,New bi-metal design!,,,,,,,Size C,Aluminum Bi-Metal
Red Blood Cell (RBC),84.99,MK1 YoYos,48.0,MR85,Custom Pads,7068 Aluminum,USA,China,,2021-12-01,MK1 and Spinworthy Collaboration!,,,,,,,Other,Aluminum
Triple Double,49.99,Recess,66.41,Size C (.250 x .500 x .187),"""Slim Pad"" Size 19mm OD",6061 Aluminum,USA,China,,2021-12-01,Joe Wilson signature yoyo!,,,,,,,Size C,Aluminum
Freehand One - Plastic FH1,24.99,Duncan,66.41,Size A,SG Stickers (Small Bearing)Also Compatible w/ FrictionStickers,Polycarbonate,USA,China,,2021-12-01,The Freehand has returned!,,,,,,,Size A,Polycarbonate
Obsession+,,MOWL,64.0,Size C (.250 x .500 x .187),"""Slim Pad"" Size 19mm OD",7075 Aluminum w/ Stainless Steel Rims,Japan,China,,2021-12-01,Bi-metal version of the Obsession!,,,,,,,Size C,Aluminum Bi-Metal
Tiramisu 2,369.99,Round Spinning Objects,66.0,Size C (.250 x .500 x .187),"Landing Pads ""Slim Pad"" Size 19mm OD",Titanium,Singapore / USA,China,,2021-12-01,New C-Bearing version of the Tiramisu!,,,,,,,Size C,Titanium
Prestige 2022,68.99,General Yo,65.8,General-Yo AIGR Size C (.250 x .500 x .187),Gen 19 Pads (Slim Pad),,USA,China,,2021-12-01,New and improved Prestige!,,,,,,,Size C,
Aitch,58.99,One Drop YoYos,64.4,Size C (.250 x .500 x .187),One Drop Standard Flow Groove Pads,6061 Aluminum,USA,USA,,2021-12-01,H-Shape design with Side Effects!,,,,,,,Size C,Aluminum
FTY 138,74.99,Fair Trade YoYos,64.95,Size C (.250 x .500 x .187),"""Slim Pad"" Size 19mm OD",6061 Aluminum,USA,China,,2022-01-01,Compact organic design.,,,,,,,Size C,Aluminum
Mgska,369.99,Turning Point,65.7,Size C (.250 x .500 x .187),"""Slim Pad"" Size 19mm OD",Magnesium,Japan,China,,2022-01-01,Shingo Terada signature model!,,,,,,,Size C,Magnesium
Tiger Driver,34.99,Turnbuckle YoYo,65.1,Size C (.250 x .500 x .187),"""Slim Pad"" Size 19mm OD",6061 Aluminum,USA,China,,2022-04-01,Organic design but with modern elements.,,,,,,,Size C,Aluminum
Black Canon,89.99,Markmont,55.0,Size C (.250 x .500 x .187),"""Slim Pad"" Size 19mm OD",6061 Aluminum,USA,USA,,,Pocket Throw With The Playability Of A Fullsize Throw!,,,,,,,Size C,Aluminum
Droid,499.99,Round Spinning Objects,64.0,Size C (.250 x .500 x .187),"""Slim Pad"" Size 19mm OD",Titanium w/ Stainless Steel Ring,Singapore,China,,2021-01-01,Bi-Metal Titanium Side Effect YoYo!,,,,,,,Size C,Titanium Bi-Metal
GTR-JS,119.99,Duncan,63.81,Size C (.250 x .500 x .187),"""Slim Pad"" Size 19mm OD",6061 Aluminum w/ Stainless Steel Rims,USA,China,,2022-01-01,Jonathan Sitanggang Signature Model!,,,,,,,Size C,Aluminum Bi-Metal
GTR,89.99,Duncan,65.95,Size C (.250 x .500 x .187),"""Slim Pad"" Size 19mm OD",6061 w/ Stainless Steel Rims,USA,China,,2022-01-01,Competition level bi-metal design!,,,,,,,Size C,Bi-Metal
YYF 45,45.0,YoYoFactory,45.2,Size C (.250 x .500 x .187),"""Slim Pad"" Size 19mm OD",6061 Aluminum w/ Plastic Cap,USA,USA,,2022-01-01,Ultra lightweight fingerspin yoyo!,,,,,,,Size C,Aluminum
Colossus VI Max,31.99,Top Yo,65.6,Size C (.250 x .500 x .187),"""Slim Pad"" Size 19mm OD",7003 Aluminum,China,China,,2022-01-01,Taking the Colossus to the MAX!,,,,,,,Size C,Aluminum
Colos-SUS,39.99,Top Yo,65.8,Size C (.250 x .500 x .187),"""Slim Pad"" Size 19mm OD",7003 Aluminum,China,China,,2022-01-01,TopYo X SUS YOYO MECHANICS collaboration!,,,,,,,Size C,Aluminum
Reality,79.99,Top Yo,66.0,Size C (.250 x .500 x .187),"""Slim Pad"" Size 19mm OD",7003 Aluminum w/ Stainless Steel Rims,China,China,,2022-01-01,TopYo x July Yoyo!,,,,,,,Size C,Aluminum Bi-Metal
Bolt,44.99,Doctor Popular,64.11,Size C (.250 x .500 x .187),"""Slim Pad"" Size 19mm OD",Plastic,USA,China,,2022-02-01,The DocPopBOLT has returned!,,,,,,,Size C,Plastic
Bumblebee,64.99,Duncan,62.6,Size A,Duncan 12mm Pad,6061 Aluminum,USA,China,,2022-02-01,Bi-metal bumblebee!,,,,,,,Size A,Aluminum
Kanto,54.99,Dressel Designs,60.77,Size C (.250 x .500 x .187),"""Slim Pad"" Size 19mm OD",6061 Aluminum w/ Stainless Steel Rings / Brass,USA,China,,2022-02-01,Slim bi-metal design!,,,,,,,Size C,Aluminum Bi-Metal
BettyNova w/ DNA Fingerspin Caps,59.99,YoYoFactory,64.9,Size C (.250 x .500 x .187),"""Slim Pad"" Size 19mm OD",6061 Aluminum,USA,China,,2022-02-01,Betty Gallegos Signature YoYo!,,,,,,,Size C,Aluminum
Edgeless,59.99,YoYoFactory,65.8,Size C (.250 x .500 x .187),"""Slim Pad"" Size 19mm OD",6061Aluminum,USA,China,,2022-02-01,New and improved Edgeless!,,,,,,,Size C,Aluminum
Delphinium,332.99,C3yoyodesign,64.7,Size C (.250 x .500 x .187),"""Slim Pad"" Size 19mm OD",Titanium,USA,China,,2022-02-01,Monometal version of the Strelitizia!,,,,,,,Size C,Titanium
The End,379.99,Round Spinning Objects,65.43,Size C (.250 x .500 x .187),RSO Landing Pads,Titanium,Singapore,China,,2022-02-01,Throwback design reimagined in Titanium!,,,,,,,Size C,Titanium
Atom Smasher,19.99,YoYoFactory,65.8,Size C (.250 x .500 x .187),"""Slim Pad"" Size 19mm OD",Polycarbonate,USA,China,,2022-04-01,The perfect plastic yoyo for fingerspins and power!,,,,,,,Size C,Polycarbonate
Sugar High,399.99,YoYoFactory,64.41,Size C (.250 x .500 x .187),"""Slim Pad"" Size 19mm OD",Titanium,USA,China,,2022-02-01,Shu Takada Signature YoYo!,,,,,,,Size C,Titanium
Edge 3.0 (2022),124.99,YoYoFactory,64.7,Size C (.250 x .500 x .187),"""Slim Pad"" Size 19mm OD",7075Aluminum w/ Stainless Steel Ring,USA,China,,2022-02-01,Evan Nagao Signature YoYo!,,,,,,,Size C,Aluminum Bi-Metal
Catch 22,274.99,YoYoFactory,65.51,Size C (.250 x .500 x .187),"""Slim Pad"" Size 19mm OD",Titanium,USA,China,,2022-02-01,An iconic YoYoFactory model reimagined!,,,,,,,Size C,Titanium
Nobumecha,127.99,Sengoku,65.0,Size C (.250 x .500 x .187),"""Slim Pad"" Size 19mm OD",7075 Aluminum w/ Stainless Steel Rims,Japan,China,,2022-02-01,Successor to the Nobunaga!,,,,,,,Size C,Aluminum Bi-Metal
GOPA,134.99,yoyorecreation,58.74,Size C (.250 x .500 x .187),YYR Large Pad,6061 Aluminum,Japan,USA,,2022-03-01,Classic feel meets modern performance.,,,,,,,Size C,Aluminum
DiGamma Crash,79.99,C3yoyodesign,64.5,Size C (.250 x .500 x .187),"""Slim Pad"" Size 19mm OD",Polycarbonate w/ Stainless Steel Rims,Hong Kong,China,,2022-03-01,New addition to the C3 CRASH Series!,,,,,,,Size C,Polycarbonate Bi-Metal
Toru 0.99,186.99,yoyorecreation,65.75,Size C (.250 x .500 x .187),YYR Size C Pad,Aluminum,Japan,China,,2022-03-01,Toru Miyazaki signature model!,,,,,,,Size C,Aluminum
Progressiver,144.99,C3yoyodesign,63.6,Size C (.250 x .500 x .187),"""Slim Pad"" Size 19mm OD",6061 Aluminum YoYo Toy,Hong Kong,China,,2022-03-01,High performance bi-metal design!,,,,,,,Size C,Aluminum
MSG,209.99,Turning Point,70.0,Size C (.250 x .500 x .187),"""Slim Pad"" Size 19mm OD",6061 w/ Stainless Steel Rims,Japan,China,,2022-03-01,Yuta Kashiwaya signature model!,,,,,,,Size C,Bi-Metal
Starship,,Round Spinning Objects,62.79,Size C (.250 x .500 x .187),Size C Landing Pad,Titanium,Singapore,China,,2022-03-01,New Titanium modeled after the Spaceship!,,,,,,,Size C,Titanium
Magpie 2.0,64.99,yoyofriends,64.81,Size C (.250 x .500 x .187),"""Slim Pad"" Size 19mm OD",7068 Aluminum,China,China,,2022-03-01,Newly redesigned Magpie!,,,,,,,Size C,Aluminum
Alpine,339.99,Caribou Lodge,65.8,Size C (.250 x .500 x .187),CLYW Snow Tires,Titanium,Canada,China,,2022-04-01,CLYW x Luftverk Collaboration!,,,,,,,Size C,Titanium
Invictus,44.99,Thesis YoYo,66.0,Size C (.250 x .500 x .187),"""Slim Pad"" Size 19mm OD",6061 Aluminum,USA,China,,2022-04-01,Built to break expectations!,,,,,,,Size C,Aluminum
Happo,74.99,Shuriken,64.5,Size C (.250 x .500 x .187),"""Slim Pad"" Size 19mm OD",6061 Aluminum w/ Stainless Steel Rims,Hong Kong,China,,2022-04-01,Performance driven design!,,,,,,,Size C,Aluminum Bi-Metal
The Ditch,50.0,Caribou Lodge,62.7,Size C (.250 x .500 x .187),CLYW Snow Tires,6061 Aluminum,Canada,China,,2022-04-01,Pocket friendly design based on the Gorge!,,,,,,,Size C,Aluminum
Skyfish,205.99,yoyorecreation,63.5,Size C (.250 x .500 x .187),"""Slim Pad"" Size 19mm OD",Aluminum w/ Stainless Steel Rim,Japan,China,,2022-04-01,Ryuichi Nakamura signature yoyo!,,,,,,,Size C,Aluminum Bi-Metal
Duncan Torque,45.0,Duncan,,,,,,,,,Powerful competition level performance!,,,,,,,,
sOMEThING Versus,34.99,sOMEThING,,,,,,,,,Competition level performance!,,,,,,,,
sOMEThING Premiere,24.99,sOMEThING,,,,,,,,,Premium plastic performance without the premium price!,,,,,,,,
YYF Replay PRO,15.99,YoYoFactory,,,,,,,,,Gentry Stein Signature Plastic Yo-Yo!,,,,,,,,
Yoyorecreation Gargantua,29.99,yoyorecreation,,,,,,,,,Oversized High Performance Plastic Yo-Yo!,,,,,,,,
Joyride,39.99,Recess,,,,,,,,,Let's go for a Ride!,,,,,,,,
Krown ST,119.99,C3yoyodesign,,,,,,,,,Take the Krown to a whole new level,,,,,,,,
One Drop Terrarian,69.99,One Drop YoYos,,,,,,,,,Created in Collaboration with Re-Logic & Terraria!,,,,,,,,
Recess First Base,19.99,Recess,,,,,,,,,Molded Plastic Perfection!,,,,,,,,
Valkyrie,169.99,yoyorecreation,,,,,,,,,High End Bi-Metal Performance!,,,,,,,,
Yomega Alpha Wing,6.0,Yomega,,,,,,,,,Entry Level Fixed Axle Yo-Yo!,,,,,,,,
Turning Point II,64.99,Turning Point,,,,,,,,,Modeled after the 2008 Turning Point Original Yo-Yo!,,,,,,,,
YYF Replay - Responsive,14.99,YoYoFactory,,,,,,,,,Gentry Stein Signature Model Geared for Responsive Play!,,,,,,,,
OG Kenshin,79.99,Sengoku,,,,,,,,,First Ever 7068 Aluminum Alloy Yo-Yo!,,,,,,,,
One Drop Top Deck,66.0,One Drop YoYos,,,,,,,,,JT Nickel Signature Yo-Yo!,,,,,,,,
YYJ Dark Magic II,43.78,YoYoJam,,,,,,,,,#1 Choice of YoYoExpert.com,,,,,,,,
YoYoFactory Nine Dragons,74.99,YoYoFactory,,,,,,,,,Hold the power of NINE Dragons!,,,,,,,,
mowl M,69.99,MOWL,,,,,,,,,lurking deep in the darkest forests!,,,,,,,,
Flash,99.99,Unparalleled,64.54,Size C (.250 x .500 x .187)Centering,19mm Slim Pad Size,,USA,,China,,Yuki Nishisako Signature Yo-Yo!,,,,,,,Size C,
SKYVA,17.99,MagicYoYo,65.8,Size C (.250 x .500 x .187)Center Trac (R),19mm Slim Pad Size,,Canada,,China,,High Performance Plastic Yo-Yo!,,,,,,,Size C,
Sturm Panzer Yukiko,,Sturm Panzer,61.0,ConcaveSize D,Sturm panzer Blade Attack Pads,,Japan,,China,,Lightweight POM and 7075 Aluminum Construction!,,,,,,,Size D,
Freehand - Responsive,15.99,Duncan,64.0,Narrow Size C (.250 x .500 x .187),19mm Slim Pad Size,,USA,China,,,It's time to play 5A!,,,,,,,Size C,
YYF Replay PRO Contest Pack,24.99,YoYoFactory,,,,,,,,,Everything you need for 1A play!,,,,,,,,
YYF Shutter Contest Pack,49.99,YoYoFactory,,,,,,,,,Everything you need for 1A play!,,,,,,,,
Velocity Starter Set,21.99,YoYoFactory,,,,,,,,,Fully Adjustable Plastic Yo-Yo,,,,,,,,
Kraken,64.99,One Drop YoYos,65.1,Size C (.250 x .500 x .187)  One Drop 10Ball,One Drop Flow Groove Pads,,USA,USA,,,Release The Kraken!,,,,,,,Size C,
DONATION - Toys for Tots 2022,,YoYoExpert,,,,,,,,,Help make a kid's Christmas that much better.,,,,,,,,
The Gorge,114.99,Caribou Lodge,66.0,Size C (.250 x .500 x .187),CLYW Snow Tires,,Canada,China,,,Old School Style meets Modern Performance!,,,,,,,Size C,
Heist,59.99,YoYoFactory,61.5,Small Center TracSmall (5x10x4mm),CBC Small Pad,,USA,USA,,,Undersized yo-yo with full sized performance!,,,,,,,Size A,
Dune,99.99,Caribou Lodge,67.8,Size C (.250 x .500 x .187),CLYW Snow Tires,,Canada,China,,,Anthony Rojas Signature Return Top!,,,,,,,Size C,
Kaiser,90.0,ThrowRevolution,65.8,Concave - Licensed by Difeyo  Size C (.250 x .500 x .187),"""Slim Pad"" Size 19mm OD",,Singapore,China,,,Built for the aspiring competitive yo-yo player!,,,,,,,Size C,
Coldfire,79.99,Sengoku,63.6,Size C (.250 x .500 x .187),Sengoku Katana Pads  19mm Slim Pad Size,,USA,China,,,ELEMENTAL Series by Sengoku!,,,,,,,Size C,
Czech Point Pivot,54.99,YoYoFactory,65.3,Size C (.250 x .500 x .187)  Center Trac,"CBC ""Slim Pad"" Size 19mm OD",,USA,China,,,Hollow Body Fingerspin Design!,,,,,,,Size C,
KiCKSTART,20.0,iYoYo,64.4,Size C (.250 x .500 x .187),19mm Slim Pad Size,,Germany,Germany,,,Kickstart your freestyles!,,,,,,,Size C,
Mini Star 2,99.0,General Yo,59.5,Centering Size C (.250 x .500 x .187),General-Yo GEN 19mm Pads,,USA,China,,,Bi-Metal Performance in a Compact Design!,,,,,,,Size C,
Wind Runner,32.99,Duncan,66.5,Size C (.250 x .500 x .187) Concave (Licensed by Difeyo),19mm Slim Pad Size,,USA,China,,,Amazing performance at an even better price!,,,,,,,Size C,
Shutter - Wide Angle,54.99,YoYoFactory,64.3,Size C (.250 x .500 x .187),"CBC ""Slim Pad"" Size 19mm OD",,USA,China,,,World Champion Gentry Stein Signature Yo-Yo!,,,,,,,Size C,
iCEBERG Classic,69.99,iYoYo,65.0,Size C (.250 x .500 x .187),iYoYo iRings 19mm Slim Pad Compatible,,Germany,China,,,Machined plastic body with steel rings!,,,,,,,Size C,
TopYo MOJO,13.99,Top Yo,66.7,Centering Size C (.250 x .500 x .187),19mm Slim Pad Size,,China,China,,,High Performance Fingerspin Yo-Yo!,,,,,,,Size C,
Surveillance,139.99,MOWL,66.5,Konkave  Size C (.250 x .500 x .187),K-Pad  19mm Slim Pad size,,Japan / Germany,China,,,Daiki Tanaka Signature Yo-Yo!,,,,,,,Size C,
Deep State,49.99,One Drop YoYos,51.5,Size C (.250 x .500 x .187),One Drop Pads  Standard Flow Groove Pad,,USA,USA,,,Slim-line yo-yo!,,,,,,,Size C,
VaporMotion,29.99,C3yoyodesign,64.4,Size C (.250 x .500 x .187),19mm slim Pad Size,,China,China,,,Plastic Body W/ Metal Fingerspin Caps!,,,,,,,Size C,
Haymaker X,119.99,Duncan,65.3,Konkave Size C (.250 x .500 x .187),19mm Silicone Groove Stickers,,USA,China,,,New and improved Haymaker!,,,,,,,Size C,
Boost,75.0,YoYoFactory,63.8,CBC Center Trac Size C (.250 x .500 x .187),"CBC ""Slim Pad"" Size 19mm OD",,USA,China,,,Alex Hattori Signature Yo-Yo!,,,,,,,Size C,
Surveil,89.99,MOWL,63.5,Konkave  Size C (.250 x .500 x .187),hkmt Equipment Grip-C Pad,,Japan,China,,,Plastic version of the Surveillance!,,,,,,,Size C,
St. Elmo,,Turning Point,65.6,Centering Size C (.250 x .500 x .187),19mm Slim Pad,,Japan,China,,,Signature Series of Takeshi Matsuura!,,,,,,,Size C,
Anomaly,171.99,yoyorecreation,66.8,Centering Size C (.250 x .500 x .187),19 mm Slim Pad Size,,Japan,China,,,Powerful durable bi-metal design!,,,,,,,Size C,
Gully 7068,134.99,Good Life YoYos,63.8,Size C (.250 x .500 x .187),"CBC ""Slim Pad"" Size 19mm OD",Body: 7068 Aluminum  Rings: Stainless Steel,USA,China,,2019-03-01,The Good Life First Release!,,,,,,,Size C,Aluminum Bi-Metal
ND,51.99,YoYoFactory,64.6,CBC Center Trac Size C (.250 x .500 x .187),"CBC ""Slim Pad"" Size 19mm OD",,USA,China,,,Nate Dailey Signature Yo-Yo!,,,,,,,Size C,
Wedge,19.99,YoYoFactory,66.6,CBC Center Trac Size C (.250 x .500 x .187),"CBC ""Slim Pad"" Size 19mm OD",,USA,China,,,Evan Nagao Signature Yo-Yo!,,,,,,,Size C,
Arrow,17.99,YoYoFactory,62.7,Size C Narrow,"CBC ""Slim Pad"" Size 19mm OD",,USA,China,,,Beginner level fingerspin yo-yo!,,,,,,,Size C,
Confusion 2022,34.99,YoYoFactory,61.0,Size A (5x10x4 mm),YYF Small Response Pad,,USA,China,,,Pocket friendly responsive metal design!,,,,,,,Size A,
Pendulum,90.0,ThrowRevolution,67.6,Concave - Licensed by Difeyo  Size C (.250 x .500 x .187),19mm Slim Pad Size,,Singapore,China,,,Perfect balance of speed and control!,,,,,,,Size C,
Flashback,99.99,Unparalleled,63.5,Size C (.250 x .500 x .187),"CBC ""Slim Pad"" Size 19mm OD",,USA,China,,,Yuki Nishisako Signature Yo-Yo!,,,,,,,Size C,
Spinstar,7.99,YoYoFactory,55.3,Transaxle Spool,Starbust,,USA,China,,,Entry level responsive yo-yo!,,,,,,,Spool,
Parser,45.0,Core,65.6,Size C (.250 x .500 x .187),19mm Slim Pad Size,,USA,China,,,"High performance, Low Price!",,,,,,,Size C,
Breeze,99.99,Good Life YoYos,64.0,Size C (.250 x .500 x .187),19mm Slim Pad Size,,USA,China,,,Chandler Steele Signature Yo-Yo!,,,,,,,Size C,
mowl M+,134.99,MOWL,66.7,Size C (.250 x .500 x .187),19mm Slim Pad Size,,Japan / Germany,China,,,Double Steel Ring Design!,,,,,,,Size C,
YYF Arrow Starter Set,27.99,YoYoFactory,62.7,Size C Narrow,"CBC ""Slim Pad"" Size 19mm OD",,USA,China,,,Learn to yo-yo with the YoYoFactory Arrow!,,,,,,,Size C,
Beyond,99.99,YoYoFactory,64.8,Size C (.250 x .500 x .187) Center Trac,"CBC ""Slim Pad"" Size 19mm OD",,USA,China,,,World Champion Evan Nagao Signature Yo-Yo!,,,,,,,Size C,
NUIT,34.99,Top Yo,66.7,Size C (.250 x .500 x .187),19mm Slim Pad Size,,China,China,,,Innovative new design!,,,,,,,Size C,
Onslaught,172.99,yoyorecreation,64.2,Size C (.250 x .500 x .187),Yoyorecreation Response pads,,Japan,China,,,Iori Yamaki Signature Yo-Yo!,,,,,,,Size C,
Ashigaru,55.0,Sengoku,63.8,Size C (.250 x .500 x .187),19mm Slim Pad Size,,Japan,China,,,Clean simple design with amazing performance!,,,,,,,Size C,
SLASH,69.99,sOMEThING,65.5,Size C (.250 x .500 x .187),sOMEThING Pads,,Japan,China,,,Plastic version of the Slasher!,,,,,,,Size C,
New Angle,64.99,sOMEThING,66.5,Size C (.250 x .500 x .187),sOMEThING Pads,,Japan,China,,,Powerful mid-sized design!,,,,,,,Size C,
Hummingbird,140.0,yoyofriends,62.1,Size C (.250 x .500 x .187),19mm slim Pad Size,7068-T6+SS/Brass/Cooper,China,China,,,Lightweight and powerful bi-metal design!,,,,,,,Size C,Various
Flux,120.0,Mythril,63.3,Size C (.250 x .500 x .187),19mm Slim Pad Size,,Singapore,Singapore,,,Lightweight organic bi-metal design!,,,,,,,Size C,
Freehand NextGen,15.99,Duncan,61.6,Size C (.250 x .500 x .187),19mm Slim Pad Size,,USA,China,,,The Next Generation is here!,,,,,,,Size C,
Big Fun,17.99,Duncan,61.7,Size C (.250 x .500 x .187),19mm Slim Pad Size,,USA,China,,,Bigger is better.,,,,,,,Size C,
Futura,44.99,yoyorecreation,66.1,Size C (.250 x .500 x .187),YYR Response Pads,6061 Aluminum,Japan,China,,2019-01-01,Typeface inspired series!,,,,,,,Size C,Aluminum
Helvetica,61.99,yoyorecreation,65.4,Size C (.250 x .500 x .187),YYR Response Pads,6061 Aluminum,Japan,China,,2019-01-01,Typeface Inspired Series!,,,,,,,Size C,Aluminum
GenXs,40.0,YoYoFactory,65.7,Size C (.250 x .500 x .187),19mm slim Pad Size,6061 Aluminum,USA,China,,2019-01-01,Small powerful pocket yo-yo!,,,,,,,Size C,Aluminum
Overthrow,24.99,YoYoFactory,63.9,Size C (.250 x .500 x .187),19mm Slim Pad Size,Polycarbonate Body  6061 Aluminum Weight Rings,USA,China,,2019-01-01,Oversized hybrid design!,,,,,,,Size C,Polycarbonate Bi-Metal
Obsession,69.99,MOWL,65.5,Size C (.250 x .500 x .187),mowl Response Pad,6061 Aluminum,Japan,China,,2019-01-01,Your new obsession.,,,,,,,Size C,Aluminum
Spaceship,320.0,Round Spinning Objects,63.6,Size C (.250 x .500 x .187),19mm Slim Pad Size,Titanium,Singapore,China,,2019-02-01,Titanium yo-yo from the future!,,,,,,,Size C,Titanium
Overdrive Draupnir,186.99,yoyorecreation,64.72,Size C (.250 x .500 x .187),19mm slim Pad Size,7075 Aluminum/Stainless Steel Rims,Japan,,,2019-03-01,Ryota Ogi Signature Yo-Yo!,,,,,,,Size C,Aluminum Bi-Metal
Inevitable,176.99,yoyorecreation,65.69,Size C (.250 x .500 x .187),19mm slim Pad Size,7075 Aluminum/Stainless Steel Rims,Japan,China,,2019-03-01,Arata Imai Signature Yo-Yo!,,,,,,,Size C,Aluminum Bi-Metal
Mirage,79.99,Japan Technology,64.48,Size C (.250 x .500 x .187),19mm slim Pad Size,6061 Aluminum,Japan,China,,2019-03-01,"Not a mirage, this yo-yo is really that good!",,,,,,,Size C,Aluminum
Grasshopper GTX,79.99,Duncan,65.18,Size C (.250 x .500 x .187),19mm slim Pad Size,6061 Aluminum / Stainless Steel Rim,USA,China,,2019-03-01,János Karancz Signature Yo-Yo!,,,,,,,Size C,Aluminum Bi-Metal
KROWN 6061,44.99,C3yoyodesign,64.54,Size C (.250 x .500 x .187),19mm slim Pad Size,6061 Aluminum,Hong Kong,Hong Kong,,2019-03-01,Shinya Kido Signature Yo-Yo.,,,,,,,Size C,Aluminum
Speedaholic,11.99,C3yoyodesign,68.7,Narrow Size C,19mm Thick Pad Size,Plastic,Hong Kong,Hong Kong,,2019-03-01,Great performance in a responsive design!,,,,,,,Size C,Plastic
ReCognition,44.99,Unparalleled,66.45,Size C (.250 x .500 x .187),19mm slim Pad Size,7075Aluminum,USA,China,,2019-04-01,Colin Beckford Signature Yo-Yo!,,,,,,,Size C,Aluminum
Little League,49.99,Recess,64.05,Size C (.250 x .500 x .187),19mm slim Pad Size,6061 Aluminum,USA,China,,2022-06-01,Small organic design.,,,,,,,Size C,Aluminum
Gulch,54.99,Good Life YoYos,66.03,Size C (.250 x .500 x .187),19mm Slim Pad Size,6061 Aluminum,USA,China,,2019-05-01,High performance mono-metal design!,,,,,,,Size C,Aluminum
Radius 7068,89.99,C3yoyodesign,63.94,Size C (.250 x .500 x .187),19mm Slim Pad Size,7068 Aluminum,Hong Kong,Hong Kong,,2019-05-01,Shion Araya Signature Yo-Yo!,,,,,,,Size C,Aluminum
Aurora,28.99,MagicYoYo,65.0,Size C (.250 x .500 x .187),19mm Slim Pad Size,6061 Aluminum,China,China,,2019-05-01,Competition level light-up yo-yo!,,,,,,,Size C,Aluminum
Legendary Terrarian,78.99,One Drop YoYos,63.94,Size C (.250 x .500 x .187),One Drop Standard Flow Groove Pad,7075 Aluminum,USA,USA,,2019-06-01,Unlock the next level!,,,,,,,Size C,Aluminum
The Bowl 7068,99.99,Round Spinning Objects,64.24,Size C (.250 x .500 x .187),19mm Slim Pad Size,7068 Aluminum,Singapore,China,,2019-06-01,Just a little off the top.,,,,,,,Size C,Aluminum
Loonie,55.0,Rain City,54.6,Size A,Small Bearing Response Pads,Brass,,,,2023-01-01,Miniature Brass Yo-Yo!,,,,,,,Size A,Brass
Trident,99.99,ThrowRevolution,65.3,Size C (.250 x .500 x .187),19mm Slim Pad Size,6061 Aluminum / Stainless Steel Rings,Singapore,China,,2019-06-01,Organic styling meets competitive performance!,,,,,,,Size C,Aluminum Bi-Metal
TM,69.99,yoyorecreation,67.89,Size C (.250 x .500 x .187),YoYoRecreation Size,6061 Aluminum,Japan,China,,2019-07-01,Takimoto Mizuki Signature Yo-Yo!,,,,,,,Size C,Aluminum
'Play YoYo' Collection,5.99,YoYoFactory,,Transaxle,Starburst,Plastic,USA,China,,2019-07-01,Play Yo-Yo!,,,,,,,Spool,Plastic
California,29.99,YoYoFactory,64.03,Size C (.250 x .500 x .187),19mm Slim Pad Size,6061 Aluminum,USA,China,,2019-07-01,Redesigned favorite from the classic YYF lineup!,,,,,,,Size C,Aluminum
ERCIM,99.99,Sengoku,65.13,Size C (.250 x .500 x .187),19mm Slim Pad Size,6061 Aluminum,Japan,China,,2019-07-01,Electro Retro Combobulator Interdimensional.,,,,,,,Size C,Aluminum
SYNC,50.0,yoyofriends,64.71,Size C (.250 x .500 x .187),19mm Slim Pad Size,6061 Aluminum,China,China,,2019-07-01,Power and speed in perfect synchronization!,,,,,,,Size C,Aluminum
The Bowl Mini,189.99,Round Spinning Objects,62.24,SizeD,19mm Slim Pad Size,Stainless Steel,Singapore,China,,2021-01-01,Compact Stainless Steel Design!,,,,,,,Size D,Stainless Steel
Exit 8,74.99,Duncan,65.6,Size C (.250 x .500 x .187),19mm Slim Pad Size,7075 Aluminum,USA,China,,2019-07-01,Takeshi Kamisato Signature Yo-Yo!,,,,,,,Size C,Aluminum
Nocturnal,74.99,MOWL,66.12,Size C (.250 x .500 x .187),mowl Response Pad,6061 Aluminum,Japan,China,,2019-08-01,Maneuverable and fast!,,,,,,,Size C,Aluminum
Anglam Pinnacle,239.99,sOMEThING,67.52,Size C (.250 x .500 x .187),19mm Slim Pad Size,6061 Aluminum w/ Titanium Rings,Japan,Japan,,2019-08-01,The pinnacle of the Anglam series.,,,,,,,Size C,Aluminum Bi-Metal
Butterfly AL,49.99,Duncan,62.04,Size C (.250 x .500 x .187),19mm Slim Pad Size,6061 Aluminum,USA,China,,2019-08-01,Modern Butterfly made from Aluminum!,,,,,,,Size C,Aluminum
Gravity,399.99,Round Spinning Objects,67.3,Size C (.250 x .500 x .187),"""Slim Pad"" Size 19mm OD",Titanium,Singapore,China,,2021-05-01,Atmos and RSO collaboration!,,,,,,,Size C,Titanium
Kappa,74.99,Throw Spiral,64.42,Size C (.250 x .500 x .187),"""Slim Pad"" Size 19mm OD",7068 Aluminum,USA,China,,2021-06-01,A truly competitive organic yoyo for the modern era!,,,,,,,Size C,Aluminum
Journey,129.99,YoYoPalace,65.09,Size C (.250 x .500 x .187),"""Slim Pad"" Size 19mm OD",7075 Aluminum w/ Stainless Steel Rim,China,China,,2021-06-01,Ahmad Kharisma signature yoyo!,,,,,,,Size C,Aluminum Bi-Metal
The Bowl XL,89.99,Round Spinning Objects,64.7,Size C (.250 x .500 x .187),CLYW Slim,7068 Aluminum,Singapore,China,,2021-06-01,Go big or go home.,,,,,,,Size C,Aluminum
The Guitarist,59.99,Rain City,63.93,Size C (.250 x .500 x .187),"""Slim Pad"" Size 19mm OD",6061 Aluminum,Canada,China,,2021-06-01,The Sequel to the MetalHead!,,,,,,,Size C,Aluminum
Plot Armor,79.99,yoyoball,64.74,Size C (.250 x .500 x .187),"""Slim Pad"" Size 19mm OD",7068 Aluminum,China,China,,2021-06-01,The yoyoball narrative!,,,,,,,Size C,Aluminum
The Don,87.99,Zero Gravity Return Tops,63.6,Size D,RSO Size D Response Pads,7068 Aluminum w/ Stainless Steel rings,Canada,China,,2021-06-01,Organic bi-metal design.,,,,,,,Size D,Aluminum Bi-Metal
Coglite,99.99,Unparalleled,63.43,Size C (.250 x .500 x .187),"""Slim Pad"" Size 19mm OD",7075 Aluminum w/ Stainless Steel Rims,USA,China,,2021-06-01,Colin Beckford signature yoyo.,,,,,,,Size C,Aluminum Bi-Metal
Time Jacker,69.99,Top Yo,64.3,Size C (.250 x .500 x .187),"""Slim Pad"" Size 19mm OD",7003 w/ Stainless Steel Rims,China,China,,2021-07-01,Su Jia Peng signature yoyo!,,,,,,,Size C,Bi-Metal
Patronum,31.99,Top Yo,65.5,Size C (.250 x .500 x .187),"""Slim Pad"" Size 19mm OD",7003 Aluminum,China,China,,2021-07-01,Mono-metal version of the Patronus!,,,,,,,Size C,Aluminum
Cloud,29.99,Top Yo,66.2,Size C (.250 x .500 x .187),"""Slim Pad"" Size 19mm OD",Delrin,China,China,,2021-07-01,Machined plastic design.,,,,,,,Size C,Delrin
Recluse,29.99,R2FG,63.73,Size C (.250 x .500 x .187),"""Slim Pad"" Size 19mm OD",6061 Aluminum,China,China,,2021-07-01,Designed in collaboration with Insight Yo!,,,,,,,Size C,Aluminum
Garnet Neon,79.99,R2FG,65.22,Size C (.250 x .500 x .187),"""Slim Pad"" Size 19mm OD",Polycarbonate w/ Stainless Steel Rims,China,China,,2021-07-01,Hybrid yoyo design!,,,,,,,Size C,Polycarbonate Bi-Metal
Frosted Euclase,27.99,R2FG,65.43,Size C (.250 x .500 x .187),"""Slim Pad"" Size 19mm OD",Polycarbonate,China,China,,2021-07-01,Full plastic design!,,,,,,,Size C,Polycarbonate
Titanium Confusion,174.99,YoYoFactory,64.64,Size A,"""Slim Pad"" Size 19mm OD",Titanium,USA,China,,2021-07-01,Titanium version of the Confusion!,,,,,,,Size A,Titanium
Derti,329.99,Round Spinning Objects,63.0,Size C (.250 x .500 x .187),"""Slim Pad"" Size 19mm OD",Titanium,Singapore,China,,2021-08-01,Titanium version of the Dert!,,,,,,,Size C,Titanium
Shawn Exploder,74.99,Doctor Popular,63.41,Size C (.250 x .500 x .187),"""Slim Pad"" Size 19mm OD",7075 Aluminum,USA,China,,2021-08-01,Shawn Garcia signature yoyo!,,,,,,,Size C,Aluminum
Windoundary,44.99,C3yoyodesign,65.15,Size C (.250 x .500 x .187),"""Slim Pad"" Size 19mm OD",6061 Aluminum,Hong Kong,China,,2021-08-01,Jacob Cheng Hongye signature yoyo!,,,,,,,Size C,Aluminum
YYF Essence,44.99,YoYoFactory,66.08,Size C (.250 x .500 x .187),"""Slim Pad"" Size 19mm OD",6061 Aluminum,USA,China,,2021-08-01,Izuru Hasumi and Akitoshi Tokubuchi's signature release!,,,,,,,Size C,Aluminum
Acadia,,Luftverk,,Size C (.250 x .500 x .187),19mm Luftpad,Titanium,Canada,China,,2021-08-01,The Evolution of the Evora!,,,,,,,Size C,Titanium
Star Chaser,69.99,Sturm Panzer,63.2,Size C (.250 x .500 x .187),"""Slim Pad"" Size 19mm OD",6061 Aluminum,Japan,China,,2021-08-01,Inspired by the PHENOM!,,,,,,,Size C,Aluminum
Speedaholic MAX,99.99,C3yoyodesign,65.2,Size C (.250 x .500 x .187),"""Slim Pad"" Size 19mm OD",6061 Aluminum / Stainless Steel Rim,Hong Kong,China,,2021-09-01,Bi-metal version of the Speedaholic!,,,,,,,Size C,Aluminum Bi-Metal
Trion Crash,169.99,C3yoyodesign,63.8,Size C (.250 x .500 x .187),"""Slim Pad"" Size 19mm OD",6061 Aluminum / Polycarbonate Rims / Stainless Steel Rings,Hong Kong,China,,2021-09-01,Tri-material yoyo design!,,,,,,,Size C,Various Bi-Metal
Shinobi,148.99,Sengoku,64.8,Size C (.250 x .500 x .187),"""Slim Pad"" Size 19mm OD",7068 Aluminum,Japan,China,,2021-09-01,new Tri-Metal Construction!,,,,,,,Size C,Aluminum
Plvs Vltra,134.99,MOWL,64.7,Size C (.250 x .500 x .187),"""Slim Pad"" Size 19mm OD",7075 w/ Stainless Steel Rims,Japan,China,,2021-09-01,New bi-metal design!,,,,,,,Size C,Bi-Metal
Freehand One Ti,299.99,Duncan,65.6,Size C (.250 x .500 x .187),"""Slim Pad"" Size 19mm OD",Titanium,USA,China,,2021-10-01,Titanium version of the classic Freehand!,,,,,,,Size C,Titanium
Freehand One AL Small Bearing,49.99,Duncan,65.59,Size A,Small Bearing Pads,6061 Aluminum,USA,China,,2021-01-01,Size A bearing FH1!,,,,,,,Size A,Aluminum
Da Capo,64.99,Thesis YoYo,65.6,Size C (.250 x .500 x .187),"""Slim Pad"" Size 19mm OD",Delrin w/ 6061 Aluminum Caps,USA,China,,2021-09-01,Delrin yoyo with metal caps!,,,,,,,Size C,Delrin
Senban,59.99,Shuriken,59.75,Size C (.250 x .500 x .187),"""Slim Pad"" Size 19mm OD",7068 Aluminum,Hong Kong,China,,2021-10-01,Unresponsive pocket friendly yoyo!,,,,,,,Size C,Aluminum
5050,49.99,Dressel Designs,59.76,Size D,"""Slim Pad"" Size 19mm OD",6061 Aluminum,USA,China,,2021-10-01,Organic D-Bearing 1 to 1 design!,,,,,,,Size D,Aluminum
Daredevil,64.99,GWAY,62.32,Size D,DBearing Pad (Standardized by RSO x YoYoLab & Freshly Dirty),7068 Aluminum,USA,China,,2021-10-01,Lightweight D-Bearing YoYo!,,,,,,,Size D,Aluminum
Spotlight,44.99,YoYoFactory,65.22,Size C (.250 x .500 x .187),"""Slim Pad"" Size 19mm OD",6061 Aluminum,USA,China,,2021-10-01,Hunter Feuerstein Signature YoYo!,,,,,,,Size C,Aluminum
SYFO,139.99,yoyorecreation,68.5,Size C (.250 x .500 x .187),"""Slim Pad"" Size 19mm OD",Aluminum,Japan,USA,,2021-11-01,Second YoYo From Oregon!,,,,,,,Size C,Aluminum
444,54.44,YoYoFactory,44.0,Size C (.250 x .500 x .187),"""Slim Pad"" Size 19mm OD",6061 Aluminum,USA,USA,,2021-10-01,Lightweight 44g hub stack design!,,,,,,,Size C,Aluminum
Kill Shot,209.99,sOMEThING,66.5,Size C (.250 x .500 x .187),"""Slim Pad"" Size 19mm OD",6061 w/ Stainless Steel Rims,Japan,China,,2021-10-01,Powerful new bi-metal yoyo.,,,,,,,Size C,Bi-Metal
Speeder,69.99,sOMEThING,65.1,Size C (.250 x .500 x .187),"""Slim Pad"" Size 19mm OD",Polycarbonate w/ Aluminum Rim,Japan,China,,2021-10-01,An all new version of a classic!,,,,,,,Size C,Polycarbonate Bi-Metal
Omnitron Noah,219.99,C3yoyodesign,64.0,Size C (.250 x .500 x .187),"""Slim Pad"" Size 19mm OD",6061 Aluminum w/ Titanium Ring,Hong Kong,Hong Kong,,2021-10-01,6061 Aluminium YoYo With Titanium Rims,,,,,,,Size C,Aluminum Bi-Metal
Vulture,88.99,yoyofriends,64.6,Size C (.250 x .500 x .187),"""Slim Pad"" Size 19mm OD",7068 Aluminum w/ Stainless Steel Rims,China,China,,2021-10-01,Powerful new bi-metal design!,,,,,,,Size C,Aluminum Bi-Metal
RAMI,186.99,yoyorecreation,65.0,Size C (.250 x .500 x .187),YoYoRec Size C Pads,Aluminum w/ Stainless Steel Rims,Japan,China,,2021-11-01,Mizuki Takimoto signature yoyo!,,,,,,,Size C,Aluminum Bi-Metal
Panorama,66.0,One Drop YoYos,60.45,Size C (.250 x .500 x .187),Standard Flow Groove Pad,6061 Aluminum,USA,USA,,2021-11-01,Tsukasa Takatsu signature yoyo!,,,,,,,Size C,Aluminum
Pharaoh,79.99,Good Life YoYos,65.2,Size C (.250 x .500 x .187),19mm Slim Pad Size,6061 Aluminum,USA,China,,2021-11-01,Filip David Signature YoYo!,,,,,,,Size C,Aluminum
Ti Executive,314.99,Luftverk,57.4,Size C (.250 x .500 x .187),"""Slim Pad"" Size 19mm OD",Titanium,USA,Canada,,2021-11-01,Titanium version of the Executive!,,,,,,,Size C,Titanium
Vigilancia,69.99,MOWL,66.6,Size C (.250 x .500 x .187),"""Slim Pad"" Size 19mm OD",7075 Aluminum,Japan,China,,2021-11-01,Mono-metal version of the Surveillance.,,,,,,,Size C,Aluminum
PV44,74.99,Fair Trade YoYos,63.0,Size C (.250 x .500 x .187),"""Slim Pad"" Size 19mm OD",7068 Aluminum,USA,China,,2021-11-01,Nostalgic style meets modern design!,,,,,,,Size C,Aluminum
MIID-Y,89.99,Turning Point,66.0,Size C (.250 x .500 x .187),"""Slim Pad"" Size 19mm OD",6061 Aluminum,Japan,China,,2021-11-01,Hiroyasu Ishihara signature yoyo!,,,,,,,Size C,Aluminum
Shot Glass,179.99,Turning Point,70.3,Size C (.250 x .500 x .187),"""Slim Pad"" Size 19mm OD",Stainless Steel,Japan,China,,2021-11-01,Part yoyo. Part barware.,,,,,,,Size C,Stainless Steel
Bangarang,275.0,Lathed Back Design,35.0,Size A,Small Bearing Pad,Titanium,Canada,Canada,,2021-11-01,Modular Titanium Design!,,,,,,,Size A,Titanium
iQ,100.0,YoYoFactory,65.1,Size C (.250 x .500 x .187),"""Slim Pad"" Size 19mm OD",6061 Aluminum w/ Stainless Steel Rings,USA,China,,2021-11-01,"It doesn't just play, it outplays!",,,,,,,Size C,Aluminum Bi-Metal
JDS Shutter,59.99,YoYoFactory,64.4,Size C (.250 x .500 x .187),"""Slim Pad"" Size 19mm OD",6061 Aluminum,Japan,China,,2021-11-01,Gentry Stein Signature YoYo.,,,,,,,Size C,Aluminum
AUTOSCOPY,186.99,yoyorecreation,66.5,Size C (.250 x .500 x .187),"""Slim Pad"" Size 19mm OD",7075 Aluminum w/ Stainless Steel Rims,Japan,China,,2021-12-01,Hajime Miura Signature YoYo!,,,,,,,Size C,Aluminum Bi-Metal
Exia,74.99,MK1 YoYos,63.67,Size C (.250 x .500 x .187),"""Slim Pad"" Size 19mm OD",7068 Aluminum w/ Stainless Steel Rim,USA,China,,2020-11-01,Team built competition inspired design!,,,,,,,Size C,Aluminum Bi-Metal
Kenshin Kiwami,97.99,Sengoku,63.1,Size C (.250 x .500 x .187),Slim Pad Size 19mm OD,6061 Aluminum w/ Stainless Steel Rings,Japan,China,,2020-11-01,The Ultimate Kenshin!,,,,,,,Size C,Aluminum Bi-Metal
Sugar,44.99,YoYoFactory,66.15,Size C (.250 x .500 x .187),"CBC ""Slim Pad"" Size 19mm OD",6061 Aluminum,USA,China,,2020-11-01,Shu Takada Signature Model!,,,,,,,Size C,Aluminum
Steel Shutter,119.99,YoYoFactory,65.0,Size A (5x10x4 mm),YYF Small Bearing Pads,Stainless Steel,USA,China,,2020-11-01,Gentry Stein Signature YoYo!,,,,,,,Size A,Stainless Steel
Valley,59.99,Good Life YoYos,65.26,Size C (.250 x .500 x .187),"""Slim Pad"" Size 19mm OD",6061 Aluminum,USA,China,,2020-11-01,Chris Rodrigues signature yoyo.,,,,,,,Size C,Aluminum
DOOMBOT,369.99,Round Spinning Objects,64.25,Size C (.250 x .500 x .187),"""Slim Pad"" Size 19mm OD",Titanium w/ Brass Ring,Singapore,China,,2020-11-01,Titanium yoyo with Brass rings!,,,,,,,Size C,Titanium Bi-Metal
Ad-Lib,64.99,Amplified,66.49,Size C (.250 x .500 x .187),"""Slim Pad"" Size 19mm OD",6061 Aluminum,USA,China,,2020-11-01,An exciting refresh on the model that started Amplified!,,,,,,,Size C,Aluminum
Replay Pro / Spinstar Starter Set,31.99,YoYoFactory,,,,,,,,,Everything you need to get started!,,,,,,,,
BiMetal,54.99,YoYoFactory,64.81,Size C (.250 x .500 x .187),"""Slim Pad"" Size 19mm OD",6061 Aluminum w/ Stainless Steel Rim,USA,China,,2020-12-01,"High performance, low cost!",,,,,,,Size C,Aluminum Bi-Metal
The American,49.99,YoYoFactory,65.42,Size C (.250 x .500 x .187),"""Slim Pad"" Size 19mm OD",6061 Aluminum,USA,USA,,2020-12-01,Made in America!,,,,,,,Size C,Aluminum
Vanitas,99.99,C3yoyodesign,63.36,Size C (.250 x .500 x .187),"""Slim Pad"" Size 19mm OD",6061 Aluminum w/ Stainless Steel Rims,Hong Kong,China,,2020-12-01,Leo Chan Matsumoto Signature YoYo!,,,,,,,Size C,Aluminum Bi-Metal
Wish,124.99,Caribou Lodge,64.77,Size C (.250 x .500 x .187),CLYW Snow Tires,6061 Aluminum w/ Stainless Steel Rings,Canada,China,,2020-12-01,Zach Gormley signature yoyo!,,,,,,,Size C,Aluminum Bi-Metal
Ducc,49.99,Rain City,,,,,,,,,Community designed yoyo!,,,,,,,,
Will,119.99,YoYoFactory,65.05,Size C (.250 x .500 x .187),"""Slim Pad"" Size 19mm OD",7075 w/ Stainless Steel Rims,USA,China,,2021-01-01,Akitoshi Tokubuchi Signature Model!,,,,,,,Size C,Bi-Metal
Koi,49.99,yoyofriends,65.91,Size C (.250 x .500 x .187),"""Slim Pad"" Size 19mm OD",7068 Aluminum,China,China,,2021-01-01,Designed with a focus on flow and feel!,,,,,,,Size C,Aluminum
The Bowl Mini - Aluminum,78.99,Round Spinning Objects,62.5,Size D,"""Slim Pad"" Size 19mm OD",6061 Aluminum,Singapore,China,,2021-01-01,Aluminum D-bearing version of the Bowl Mini!,,,,,,,Size D,Aluminum
UI,399.99,ENSO,64.27,Size C (.250 x .500 x .187),"""Slim Pad"" Size 19mm OD",Titanium,USA,China,,2021-01-01,High performance titanium yoyo.,,,,,,,Size C,Titanium
Radius Ti,399.99,C3yoyodesign,63.9,Size C (.250 x .500 x .187),"""Slim Pad"" Size 19mm OD",Titanium,Hong Kong,China,,2021-01-01,Shion Araya Signature YoYo!,,,,,,,Size C,Titanium
Freehand One AL FH1,49.99,Duncan,65.59,Size C (.250 x .500 x .187),"""Slim Pad"" Size 19mm OD",6061 Aluminum,USA,China,,2021-01-01,An homage to the Original Freehand!,,,,,,,Size C,Aluminum
Deduction,149.99,R2FG,60.0,Size C (.250 x .500 x .187),"""Slim Pad"" Size 19mm OD",Titanium,China,China,,2021-02-01,Slimline Titanium YoYo!,,,,,,,Size C,Titanium
Halberd,29.99,R2FG,65.8,Size C (.250 x .500 x .187),"""Slim Pad"" Size 19mm OD",6061 Aluminum,China,China,,2021-02-01,Affordable design with impressive performance!,,,,,,,Size C,Aluminum
Basilisk,57.99,Zero Gravity Return Tops,65.05,Size C (.250 x .500 x .187),"""Slim Pad"" Size 19mm OD",7003Aluminum,Canada,China,,2021-02-01,As fast and powerful as the lizard it's named after!,,,,,,,Size C,Aluminum
iCEBERG (New),69.99,iYoYo,65.03,Size C (.250 x .500 x .187),iYoYo iRings 19mm Slim Pad Compatible,,Germany,China,,,Newly redesigned iCEBERG!,,,,,,,Size C,
SHOOTiNG STAR,29.99,iYoYo,63.8,Half Spec,iYoYo iRings 19mm Slim Pad Compatible,,Germany,China,,,Full plastic version of the iCEBERG!,,,,,,,Other,
iMPACT,109.99,iYoYo,66.21,Size C,iYoYo iRings 19mm Slim Pad Compatible,7075 Aluminum with Stainless Steel Rings,Germany,China,,,Make an iMPACT!,,,,,,,Size C,Aluminum Bi-Metal
Toonie,98.99,Rain City,59.6,Size A,19mm Slim Pad Size,6061 Aluminum w/ Stainless Steel Rims,Canada,China,,2021-02-01,Bi-metal version of the Loonie!,,,,,,,Size A,Aluminum Bi-Metal
Frozen,159.99,Top Yo,64.86,Size C (.250 x .500 x .187),"""Slim Pad"" Size 19mm OD",7003 Aluminum / Polycarbonate / Stainless Steel Rims,China,China,,2021-03-01,"Aluminum, Plastic, and Steel Construction.",,,,,,,Size C,Various Bi-Metal
Royal 1,72.99,General Yo,66.54,Size C (.250 x .500 x .187),"""Slim Pad"" Size 19mm OD",6061 Aluminum,USA,China,,2021-03-01,12 years in the making!,,,,,,,Size C,Aluminum
Mod44,98.99,Freshly Dirty,64.35,Size C (.250 x .500 x .187),"""Slim Pad"" Size 19mm OD",6061 Aluminum / Delrin,USA,China,,2021-03-01,Modular yoyo design!,,,,,,,Size C,Various
DStarter2,89.99,Sturm Panzer,62.83,Size D,Size D Blade Attack Pad,7075 Aluminum,Japan,China,,2021-03-01,7075 Aluminum D-Bearing Design.,,,,,,,Size D,Aluminum
DGTZR,74.99,Good Life YoYos,66.8,Size C (.250 x .500 x .187),"""Slim Pad"" Size 19mm OD",6061 Aluminum w/ Stainless Steel Rings,USA,China,,2021-03-01,John Wolfe signature throw!,,,,,,,Size C,Aluminum Bi-Metal
Tiramisu,,Round Spinning Objects,65.83,Size D,RSO Landing Pad Size D,Titanium,Singapore/USA,China,,2021-03-01,RSO x Crucial titanium collaboration!,,,,,,,Size D,Titanium
Kapital,59.99,YoYoFactory,64.13,Size C (.250 x .500 x .187),"""Slim Pad"" Size 19mm OD",6061 Aluminum,USA,USA,,2021-03-01,Made in the USA.,,,,,,,Size C,Aluminum
Metavity,399.99,YoYoFactory,65.92,Size C (.250 x .500 x .187),"""Slim Pad"" Size 19mm OD",Titanium,USA,China,,2021-03-01,Titanium YoYo for Izuru Hasumi and Akitoshi Tokubuchi!,,,,,,,Size C,Titanium
Comic Sans,61.99,yoyorecreation,63.5,Size C (.250 x .500 x .187),"""Slim Pad"" Size 19mm OD",6061 Aluminum,Japan,China,,2021-03-01,The font you never knew you needed.,,,,,,,Size C,Aluminum
YYR Impact,54.99,yoyorecreation,66.0,Size C (.250 x .500 x .187),"""Slim Pad"" Size 19mm OD",6061 Aluminum,Japan,China,,2021-03-01,As bold as the font!,,,,,,,Size C,Aluminum
Saboteur,59.99,GWAY,65.0,Size C (.250 x .500 x .187),"""Slim Pad"" Size 19mm OD",6061 Aluminum,USA,China,,2021-04-01,Old school style meets modern performance!,,,,,,,Size C,Aluminum
Code,44.99,YoYoPalace,64.64,Size C (.250 x .500 x .187),"""Slim Pad"" Size 19mm OD",6061 Aluminum,China,China,,2021-04-01,"Low cost, High performance!",,,,,,,Size C,Aluminum
Sphere,99.99,YoYoPalace,66.24,Size C (.250 x .500 x .187),"""Slim Pad"" Size 19mm OD",POM,China,China,,2021-04-01,Inspired by the past with modern performance!,,,,,,,Size C,POM
Otter,99.99,Caribou Lodge,66.35,Size C (.250 x .500 x .187),CLYW Snow Tires,6061 Aluminum,Canada,China,,2021-04-01,Harrison Lee Signature YoYo!,,,,,,,Size C,Aluminum
Laevateinn,29.99,C3yoyodesign,63.7,Size C (.250 x .500 x .187),"""Slim Pad"" Size 19mm OD",6061 Aluminum,Hong Kong,China,,2021-04-01,"Lightweight, powerful, and budget friendly!",,,,,,,Size C,Aluminum
Colossus VI,27.99,Top Yo,65.5,Size C (.250 x .500 x .187),"""Slim Pad"" Size 19mm OD",7003 Aluminum,China,China,,2020-05-01,The latest in the Colossus line!,,,,,,,Size C,Aluminum
Anglam Zero,699.99,sOMEThING,65.6,Size C (.250 x .500 x .187),sOMEThING Pads,Titanium,Japan,China,,2021-05-01,Titanium Anglam!,,,,,,,Size C,Titanium
BettyNova,59.99,YoYoFactory,68.28,Size C (.250 x .500 x .187),"""Slim Pad"" Size 19mm OD",6061 Aluminum,USA,China,,2021-05-01,Betty Gallegos Signature YoYo!,,,,,,,Size C,Aluminum
Anglam Zero Apogee,969.99,sOMEThING,65.5,Size C (.250 x .500 x .187),sOMEThING Pads,Titanium w/ Stainless Steel,Japan,China,,2021-05-01,Titanium/Steel Anglam design!,,,,,,,Size C,Titanium Bi-Metal
Bastet II,44.99,C3yoyodesign,65.5,Size C (.250 x .500 x .187),"""Slim Pad"" Size 19mm OD",6061 Aluminum,Hong Kong,China,,2021-05-01,The new and improved Bastet!,,,,,,,Size C,Aluminum
mowl Q,69.99,MOWL,61.0,Size C (.250 x .500 x .187),"""Slim Pad"" Size 19mm OD",6061 Aluminum,Japan,China,,2021-05-01,Comfortable in the hand and in play.,,,,,,,Size C,Aluminum
KO,49.99,YoYoFactory,64.14,Size C (.250 x .500 x .187),"""Slim Pad"" Size 19mm OD",6061 Aluminum w/ Stainless Steel Rims,USA,China,,2021-05-01,Eric Koloski signature yoyo!,,,,,,,Size C,Aluminum Bi-Metal
Uppercut,34.99,YoYoFactory,64.97,Size C (.250 x .500 x .187),"""Slim Pad"" Size 19mm OD",6061 Aluminum,USA,China,,2021-05-01,Eric Koloski Signature YoYo!,,,,,,,Size C,Aluminum
Hinemosu,214.99,Turning Point,66.7,Size C (.250 x .500 x .187),"""Slim Pad"" Size 19mm OD",6061 w/ Titanium Rims,Japan,China,,2021-06-01,Takeshi Matsuura signature yoyo!,,,,,,,Size C,Bi-Metal
Yoshicuda X,79.99,Duncan,63.97,Size C (.250 x .500 x .187),19mm Slim Pad Size,7075 Aluminum w/ Stainless Steel Rims,USA,China,,2019-08-01,Yoshihiro Abe Signature Model!,,,,,,,Size C,Aluminum Bi-Metal
Orbital GTX,74.99,Duncan,63.14,Size C (.250 x .500 x .187),19mm Slim Pad Size,6061 Aluminum w/ Stainless Steel Rims,USA,China,,2019-08-01,Tal Mordoch Signature Model!,,,,,,,Size C,Aluminum Bi-Metal
Motive,80.0,SF YoYos,64.7,Size C (.250 x .500 x .187),19mm Slim Pad Size,7068 Aluminum W/ Stainless Steel rims,,,,2019-09-01,Connor Seals Signature Yo-Yo!,,,,,,,Size C,Aluminum Bi-Metal
Duncan Reflex,8.99,Duncan,56.8,Auto Response System,Starburst Response System,Polycarbonate,USA,China,,2019-09-01,Auto return yo-yo!,,,,,,,Auto Response System,Polycarbonate
Cyber Crash,29.99,C3yoyodesign,63.72,Size C (.250 x .500 x .187),19mm Slim Pad Size,6061 Aluminum,Hong Kong,Hong Kong,,2019-10-01,C3 Crash Series!,,,,,,,Size C,Aluminum
Dove,34.99,yoyofriends,64.6,Center Trac Size C,19mm Slim Pad Size,Machined Delrin,China,China,,2019-10-01,Yoyofriends first Delrin model!,,,,,,,Size C,Delrin
Ouroboros,54.99,Rain City,66.65,Size C (.250 x .500 x .187),19mm Slim Pad Size,7075Aluminum,Canada,China,,2019-10-01,Luna Harran Signature Yo-Yo!,,,,,,,Size C,Aluminum
Robusta,99.99,Top Yo,65.27,Size C (.250 x .500 x .187),19mm Slim Pad Size,7003 Aluminum w/ Stainless Steel Rings,China,China,,2019-11-01,TOPYO x yoyobarista collaboration!,,,,,,,Size C,Aluminum Bi-Metal
Colossus V,27.99,Top Yo,65.54,Size C (.250 x .500 x .187),19mm Slim Pad Size,7003 Aluminum,China,China,,2019-11-01,The all new Colossus!,,,,,,,Size C,Aluminum
The Bowl - Unknown Edition,,Round Spinning Objects,63.6,Size C (.250 x .500 x .187),19mm Slim Pad Size,Titanium,Singapore,China,,2021-04-01,The best bowl in town!,,,,,,,Size C,Titanium
Bi-Metal Shutter,119.99,YoYoFactory,65.01,Size C (.250 x .500 x .187),19mm Slim Pad Size,6061 Aluminum w/ Stainless Steel Rims,USA,China,,2019-11-01,Gentry Stein Signature Yo-Yo!,,,,,,,Size C,Aluminum Bi-Metal
Mecha Bapezilla,399.99,Round Spinning Objects,67.09,Size C (.250 x .500 x .187),19mm Slim Pad Size,Titanium,Singapore,China,,2019-11-01,Titanium Bapezilla!,,,,,,,Size C,Titanium
PASSiON,41.99,iYoYo,66.15,Size C (.250 x .500 x .187),19mm Slim Pad Size,6061 Aluminum,Germany,China,,2019-11-01,Responsive Entry-Level Metal Yo-Yo!,,,,,,,Size C,Aluminum
Fat Tire,59.99,One Drop YoYos,66.33,Size C (.250 x .500 x .187),One Drop Standard Flow Groove Pad,6061 Aluminum,USA,USA,,2019-12-01,Unique wide rim design!,,,,,,,Size C,Aluminum
TiTANiC,249.99,iYoYo,64.5,Size C (.250 x .500 x .187),19mm Slim Pad Size,Titanium,Germany,China,,2019-12-01,Full titanium yoyo modeled after the iCEBERG!,,,,,,,Size C,Titanium
Pyro X,59.99,iYoYo,66.38,Size C (.250 x .500 x .187),19mm Slim Pad Size,7075 Aluminum,Germany,China,,2019-12-01,An hSpin classic is reborn!,,,,,,,Size C,Aluminum
BOY,89.99,Caribou Lodge,66.05,Size C (.250 x .500 x .187),CLYW Snow Tire,6061 Aluminum,Canada,China,,2019-12-01,Ayumu Harada Signature Yo-Yo!,,,,,,,Size C,Aluminum
Chopsticks Gorilla,179.99,yoyorecreation,65.15,Size C (.250 x .500 x .187),19mm Slim Pad Size,7075 Aluminum w/ Stainless Steel Rims,Japan,China,,2020-01-01,Hirotaka Akiba Signature Yo-Yo!,,,,,,,Size C,Aluminum Bi-Metal
Rotor,64.99,Huatian,66.62,Size C (.250 x .500 x .187),19mm Slim Pad Size,6061 Aluminum,China,China,,2020-01-01,Beautiful undersized design!,,,,,,,Size C,Aluminum
Vulcan,54.99,Graviti,66.5,Size C (.250 x .500 x .187),19mm Slim Pad Size,6061 Aluminum,USA,China,,2020-02-01,"The perfect balance of control, speed, and powerful spin!",,,,,,,Size C,Aluminum
FYFO,143.99,yoyorecreation,66.35,Size C (.250 x .500 x .187),19mm Slim Pad Size,,Japan,USA,,2020-02-01,First YoYorecreation From Oregon.,,,,,,,Size C,
Holiday 2 Neo,67.99,Huatian,64.3,Size C (.250 x .500 x .187),19mm Slim Pad Size,6061 Aluminum,China,China,,2020-02-01,Play like everyday is a Holiday!,,,,,,,Size C,Aluminum
Mecha Viszilla,419.99,Round Spinning Objects,66.86,Size C (.250 x .500 x .187),19mm Slim Pad Size,Titanium,Singapore,China,,2020-02-01,Classic design re-imagined in Titanium!,,,,,,,Size C,Titanium
Gotham,61.99,yoyorecreation,66.13,Size C (.250 x .500 x .187),19mm Slim Pad Size,6061 Aluminum,Japan,China,,2020-02-01,Typeface Inspired Series!,,,,,,,Size C,Aluminum
Optima,61.99,yoyorecreation,66.38,Size C (.250 x .500 x .187),19mm Slim Pad Size,6061 Aluminum,Japan,China,,2020-02-01,Typeface Inspired Series!,,,,,,,Size C,Aluminum
E1NSTiEN,319.99,Round Spinning Objects,61.5,Size C (.250 x .500 x .187),19mm Slim Pad Size,Titanium,Singapore,China,,2020-03-01,RSO & ILOVEYOYO Collaboration!,,,,,,,Size C,Titanium
Krown Ti,379.99,C3yoyodesign,64.5,Size C (.250 x .500 x .187),19mm Slim Pad Size,Titanium,Hong Kong,China,,2020-03-01,Shinya Kido signature model!,,,,,,,Size C,Titanium
Galaxy Diver 7075 V2,99.99,C3yoyodesign,65.5,Size C (.250 x .500 x .187),19mm Slim Pad Size,7075 Aluminum w/ Stainless Steel Rims,Hong Kong,China,,2020-03-01,The latest addition to the Master Galaxy Series!,,,,,,,Size C,Aluminum Bi-Metal
The Author,54.99,Rain City,55.73,Size C (.250 x .500 x .187),19mm Slim Pad Size,6061 Aluminum,Canada,China,,2020-03-01,Fast lightweight design!,,,,,,,Size C,Aluminum
Freehand AL,49.99,Duncan,65.5,Size C (.250 x .500 x .187),19mm Slim Pad Size,6061 Aluminum,USA,China,,2020-04-01,All new and improved Aluminum Freehand!,,,,,,,Size C,Aluminum
Sengoku Masamini V2,97.99,Sengoku,64.0,Size C (.250 x .500 x .187),Sengoku Katana Pads (19mm Size),,Japan,China,,2020-05-01,Good things come in small packages!,,,,,,,Size C,
Show Pony,54.99,Rain City,63.55,Size C (.250 x .500 x .187),19mm Slim Pad Size,Aluminum,Canada,China,,2020-05-01,A natural performer!,,,,,,,Size C,Aluminum
66Percent Pyro,119.99,66Percent,60.0,Size A,66Percent Pads,Aluminum Body w/ Stainless Steel Rings,Japan,Japan,,2020-05-01,An hSpin classic reimagined!,,,,,,,Size A,Aluminum Bi-Metal
Speedaholic XX,28.0,C3yoyodesign,66.5,Size C (.250 x .500 x .187),19mm Slim Pad Size,Machined Plastic,Hong Kong,Hong Kong,,2020-06-01,High Performance Plastic!,,,,,,,Size C,Plastic
Encores,69.99,Top Yo,66.67,Size C (.250 x .500 x .187),19mm Slim Pad Size,,China,China,,2020-07-01,Chi Gaoyun Signature Model!,,,,,,,Size C,
Pragma,99.99,YoYoFactory,65.3,Size C (.250 x .500 x .187),19mm Slim Pad Size,6061 Aluminum w/ Stainless Steel Rings,USA,China,,2020-07-01,Izuru Hasumi Signature Model!,,,,,,,Size C,Aluminum Bi-Metal
Mjolnir,100.0,Reykjavik Return Tops,66.2,Size C (.250 x .500 x .187),19mm Slim Pad Size,7068 w/ Stainless Steel Rims,Iceland,China,,,Powerful bi-metal design!,,,,,,,Size C,Bi-Metal
PoryCrash,69.99,C3yoyodesign,64.6,Size C (.250 x .500 x .187),19mm Slim Pad Size,Pom/PC with Steel Rings,Hong Kong,China,,2020-07-01,C3yoyodesign x PoryKon Collaboration!,,,,,,,Size C,Various Bi-Metal
Double Or Nothing,49.99,sOMEThING,59.63,Size C (.250 x .500 x .187),19mm Slim Pad Size,6061 Aluminum,Japan,China,,2020-08-01,Slim-line unresponsive design.,,,,,,,Size C,Aluminum
Focus Z-01,,MagicYoYo,63.68,Size C (.250 x .500 x .187),19mm Slim Pad Size,6061 Aluminum w/ Stainless Steel Rims,China,China,,2020-08-01,New bi-metal design!,,,,,,,Size C,Aluminum Bi-Metal
Silver Bullet,364.99,Round Spinning Objects,60.5,Size C (.250 x .500 x .187),CLYW Size Pads,Titanium,Singapore,China,,2020-08-01,RSO x Tom Kuhn Collaboration!,,,,,,,Size C,Titanium
Markmont. Classic Magnum Opus,99.99,Markmont,63.19,Size C (.250 x .500 x .187),One Drop Standard Flow Groove Pads,7075 Aluminum,USA,USA (One Drop),,2020-08-01,7075 Markmont. Classic!,,,,,,,Size C,Aluminum
Mountain Man,70.99,Freshly Dirty,66.7,Size C (.250 x .500 x .187),19mm Slim Pad Size,6061 Aluminum,USA,China,,2020-08-01,The mountains are calling.,,,,,,,Size C,Aluminum
El Presidente,119.99,Spintime,66.14,Size C (.250 x .500 x .187),19mm Slim Pad Size,7068 Aluminum w/ Stainless Steel Rims,USA,China,,2020-08-01,Brian Melford Signature YoYo.,,,,,,,Size C,Aluminum Bi-Metal
Impulse,34.99,Top Yo,64.5,Size C (.250 x .500 x .187),19mm Slim Pad Size,6061 Aluminum,China,China,,2020-09-01,The new king of speed!,,,,,,,Size C,Aluminum
Cheapskate,69.99,Top Yo,65.5,Size C (.250 x .500 x .187),19mm Slim Pad Size,7003 Aluminum w/ Stainless Steel Rim,China,China,,2020-09-01,Song Zihao Signature YoYo!,,,,,,,Size C,Aluminum Bi-Metal
Peregrine,109.99,yoyofriends,63.52,Size C (.250 x .500 x .187),19mm Slim Pad Size,7068 Aluminum w/ Stainless Steel Rims,China,China,,2020-09-01,Team design built to compete!,,,,,,,Size C,Aluminum Bi-Metal
YWETi MK II,419.99,Round Spinning Objects,65.6,Size C (.250 x .500 x .187),19mm Slim Pad Size,Titanium,Singapore,China,,2020-09-01,Titanium YWET!,,,,,,,Size C,Titanium
ROOC,84.99,C3yoyodesign,64.02,Size C (.250 x .500 x .187),19mm Slim Pad Size,Polycarbonate w/ Stainless Steel Rims,Hong Kong,Hong Kong,,2020-10-01,Shinya Kido Signature YoYo.,,,,,,,Size C,Polycarbonate Bi-Metal
Majesty 2020,68.99,General Yo,66.83,Size C (.250 x .500 x .187),General Yo Hat Pads,6061 Aluminum,USA,China,,2020-11-01,The Majesty is back!,,,,,,,Size C,Aluminum
